[
  {
    "value": "cyan",
    "synonyms": [
      "cyan",
      "aqua"
    ]
  },
  {
    "value": "pink",
    "synonyms": [
      "pink",
      "hot pink",
      "rosado"
    ]
  },
  {
    "value": "indigo",
    "synonyms": [
      "indigo"
    ]
  },
  {
    "value": "violet",
    "synonyms": [
      "violet"
    ]
  },
  {
    "value": "green",
    "synonyms": [
      "green",
      "verde"
    ]
  },
  {
    "value": "red",
    "synonyms": [
      "red",
      "rojo"
    ]
  },
  {
    "value": "white",
    "synonyms": [
      "white",
      "blanco"
    ]
  },
  {
    "value": "magenta",
    "synonyms": [
      "magenta"
    ]
  },
  {
    "value": "black",
    "synonyms": [
      "black",
      "off",
      "dark"
    ]
  },
  {
    "value": "blue",
    "synonyms": [
      "blue",
      "azul"
    ]
  },
  {
    "value": "purple",
    "synonyms": [
      "purple",
      "violeta",
      "morado"
    ]
  },
  {
    "value": "yellow",
    "synonyms": [
      "yellow",
      "amarillo"
    ]
  },
  {
    "value": "orange",
    "synonyms": [
      "orange",
      "anaranjado",
      "naranja"
    ]
  },
  {
    "value": "brown",
    "synonyms": [
      "brown",
      "cafe"
    ]
  },
  {
    "value": "darkRed",
    "synonyms": [
      "darkRed",
      "dark red"
    ]
  },
  {
    "value": "darkBlue",
    "synonyms": [
      "darkBlue",
      "dark blue"
    ]
  },
  {
    "value": "darkViolet",
    "synonyms": [
      "dark violet"
    ]
  },
  {
    "value": "navy",
    "synonyms": [
      "navy"
    ]
  },
  {
    "value": "orangeRed",
    "synonyms": [
      "orangeRed",
      "orange Red"
    ]
  },
  {
    "value": "darkIndigo",
    "synonyms": [
      "darkIndigo",
      "dark indigo"
    ]
  },
  {
    "value": "royalPurple",
    "synonyms": [
      "royalPurple",
      "royal purple"
    ]
  },
  {
    "value": "royalBlue",
    "synonyms": [
      "royalBlue",
      "royal blue"
    ]
  },
  {
    "value": "darkGreen",
    "synonyms": [
      "darkGreen",
      "dark green"
    ]
  },
  {
    "value": "lime",
    "synonyms": [
      "lime"
    ]
  },
  {
    "value": "gold",
    "synonyms": [
      "gold"
    ]
  },
  {
    "value": "silver",
    "synonyms": [
      "silver"
    ]
  },
  {
    "value": "teal",
    "synonyms": [
      "teal"
    ]
  },
  {
    "value": "snow",
    "synonyms": [
      "snow",
      "clouds"
    ]
  },
  {
    "value": "indigo",
    "synonyms": [
      "indigo"
    ]
  },
  {
    "value": "gray",
    "synonyms": [
      "gray",
      "grey"
    ]
  },
  {
    "value": "blueViolet",
    "synonyms": [
      "blueViolet",
      "blue violet"
    ]
  },
  {
    "value": "olive",
    "synonyms": [
      "olive"
    ]
  },
  {
    "value": "maroon",
    "synonyms": [
      "maroon"
    ]
  },
  {
    "value": "turquoise",
    "synonyms": [
      "turquoise"
    ]
  },
  {
    "value": "darkTurquoise",
    "synonyms": [
      "darkTurquoise",
      "dark turquoise"
    ]
  },
  {
    "value": "cornFlowerBlue",
    "synonyms": [
      "cornFlowerBlue",
      "corn flower blue",
      "corn flower",
      "cornflower"
    ]
  },
  {
    "value": "celadon",
    "synonyms": [
      "celadon"
    ]
  },
  {
    "value": "fuchsia",
    "synonyms": [
      "fuchsia"
    ]
  },
  {
    "value": "crimson",
    "synonyms": [
      "crimson",
      "fire"
    ]
  },
  {
    "value": "yellowGreen",
    "synonyms": [
      "yellowGreen",
      "yellow green"
    ]
  },
  {
    "value": "midnightBlue",
    "synonyms": [
      "midnightBlue",
      "midnight blue"
    ]
  },
  {
    "value": "chartreuse",
    "synonyms": [
      "chartreuse"
    ]
  },
  {
    "value": "blueGreen",
    "synonyms": [
      "blueGreen",
      "blue green"
    ]
  },
  {
    "value": "darkIndigo",
    "synonyms": [
      "darkIndigo",
      "dark indigo"
    ]
  },
  {
    "value": "cream",
    "synonyms": [
      "cream"
    ]
  }
]