[
  {
    "value": "cyan",
    "synonyms": [
      "cyan"
    ]
  },
  {
    "value": "pink",
    "synonyms": [
      "pink"
    ]
  },
  {
    "value": "indigo",
    "synonyms": [
      "indigo"
    ]
  },
  {
    "value": "violet",
    "synonyms": [
      "violet"
    ]
  },
  {
    "value": "green",
    "synonyms": [
      "green"
    ]
  },
  {
    "value": "red",
    "synonyms": [
      "red"
    ]
  },
  {
    "value": "white",
    "synonyms": [
      "white"
    ]
  },
  {
    "value": "magenta",
    "synonyms": [
      "magenta"
    ]
  },
  {
    "value": "black",
    "synonyms": [
      "black"
    ]
  },
  {
    "value": "blue",
    "synonyms": [
      "blue"
    ]
  },
  {
    "value": "purple",
    "synonyms": [
      "purple"
    ]
  },
  {
    "value": "yellow",
    "synonyms": [
      "yellow"
    ]
  },
  {
    "value": "orange",
    "synonyms": [
      "orage"
    ]
  },
  {
    "value": "brown",
    "synonyms": [
      "brown"
    ]
  },
  {
    "value": "darkRed",
    "synonyms": [
      "darkRed",
      "dark red"
    ]
  },
  {
    "value": "darkBlue",
    "synonyms": [
      "darkBlue",
      "dark blue"
    ]
  },
  {
    "value": "darkViolet",
    "synonyms": [
      "dark violet",
      "dark violet"
    ]
  },
  {
    "value": "navy",
    "synonyms": [
      "navy"
    ]
  },
  {
    "value": "orangeRed",
    "synonyms": [
      "orangeRed",
      "orange Red"
    ]
  },
  {
    "value": "darkIndigo",
    "synonyms": [
      "darkIndigo",
      "dark indigo"
    ]
  },
  {
    "value": "royalPurple",
    "synonyms": [
      "royalPurple",
      "royal purple"
    ]
  },
  {
    "value": "royalBlue",
    "synonyms": [
      "royalBlue",
      "royal blue"
    ]
  },
  {
    "value": "darkGreen",
    "synonyms": [
      "darkGreen",
      "dark green"
    ]
  },
  {
    "value": "lime",
    "synonyms": [
      "lime"
    ]
  },
  {
    "value": "gold",
    "synonyms": [
      "gold"
    ]
  },
  {
    "value": "silver",
    "synonyms": [
      "silver"
    ]
  },
  {
    "value": "teal",
    "synonyms": [
      "teal"
    ]
  },
  {
    "value": "snow",
    "synonyms": [
      "snow"
    ]
  },
  {
    "value": "indigo",
    "synonyms": [
      "indigo"
    ]
  }
]