[
  {
    "value": "Buddy",
    "synonyms": [
      "Buddy",
      "buddy",
      "Elf 1",
      "Elf One",
      "First Elf",
      "1st elf"
    ]
  },
  {
    "value": "Hermey",
    "synonyms": [
      "Hermey",
      "hermey",
      "Elf 4",
      "Elf Four",
      "Fourth Elf",
      "4th Elf",
      "Hermy",
      "Hermie"
    ]
  },
  {
    "value": "Kringle",
    "synonyms": [
      "Kringle",
      "kringle",
      "Elf 2",
      "Elf Two",
      "Second Elf",
      "2nd Elf"
    ]
  },
  {
    "value": "Bliss",
    "synonyms": [
      "Bliss",
      "bliss",
      "Elf 3",
      "Elf Three",
      "Third Elf",
      "3rd Elf"
    ]
  }
]