[
  {
    "value": "Chiefs",
    "synonyms": [
      "Kansas City Chiefs",
      "Chiefs"
    ]
  },
  {
    "value": "Sporting",
    "synonyms": [
      "Sporting KC",
      "Sporting"
    ]
  },
  {
    "value": "Santa",
    "synonyms": [
      "Santa Claus",
      "Santa",
      "Christmas",
      "candycane",
      "candy cane",
      "jingle bells",
      "candy canes"
    ]
  },
  {
    "value": "Snow",
    "synonyms": [
      "Winter",
      "Snow",
      "snowman"
    ]
  },
  {
    "value": "Rainbow",
    "synonyms": [
      "Rainbow"
    ]
  },
  {
    "value": "USA",
    "synonyms": [
      "America",
      "US",
      "usa",
      "USA",
      "flag",
      "patriots"
    ]
  },
  {
    "value": "Royals",
    "synonyms": [
      "Kansas City Royals",
      "Royals"
    ]
  },
  {
    "value": "Kansas State",
    "synonyms": [
      "kstate",
      "K state",
      "Kansas State",
      "Wildcats",
      "k-state",
      "KSU",
      "wild cats"
    ]
  },
  {
    "value": "Kansas",
    "synonyms": [
      "KU",
      "Kansas University",
      "Jayhawks",
      "rock chalk",
      "Kansas"
    ]
  },
  {
    "value": "Missouri",
    "synonyms": [
      "MU",
      "Missouri University",
      "Tigers",
      "mizzou",
      "Missouri"
    ]
  },
  {
    "value": "Rockhurst",
    "synonyms": [
      "Rockhurst",
      "Hawks"
    ]
  },
  {
    "value": "Neptunes",
    "synonyms": [
      "NFS",
      "Nottingham Forest South",
      "Neptunes"
    ]
  },
  {
    "value": "BVNW",
    "synonyms": [
      "BVNW",
      "Huskies"
    ]
  },
  {
    "value": "Grinch",
    "synonyms": [
      "Grinch"
    ]
  },
  {
    "value": "Mavericks",
    "synonyms": [
      "Mavericks",
      "KC Mavericks",
      "Kansas City Mavericks",
      "Missiouri Mavericks"
    ]
  },
  {
    "value": "Pittsburg State",
    "synonyms": [
      "Gorillas",
      "Pitts State",
      "Pittsburg State",
      "Pitt State"
    ]
  },
  {
    "value": "MNU",
    "synonyms": [
      "Pioneers",
      "MNU",
      "MidAmerica Nazarene University",
      "midamerica",
      "mid-america"
    ]
  },
  {
    "value": "Texas Christian",
    "synonyms": [
      "HornedFrogs",
      "Horned Frogs",
      "TCU",
      "Texas Christian University"
    ]
  },
  {
    "value": "Roos",
    "synonyms": [
      "Kangaroos",
      "Roos",
      "UMKC"
    ]
  },
  {
    "value": "Olathe South",
    "synonyms": [
      "Falcons",
      "Olathe South"
    ]
  },
  {
    "value": "Rudolph",
    "synonyms": [
      "Rudolph"
    ]
  },
  {
    "value": "Reindeer",
    "synonyms": [
      "reindeer",
      "raindeer"
    ]
  },
  {
    "value": "Halloween",
    "synonyms": [
      "Halloween"
    ]
  },
  {
    "value": "Nebraska",
    "synonyms": [
      "Nebraska",
      "Corn Huskers",
      "Huskers"
    ]
  },
  {
    "value": "Oklahoma",
    "synonyms": [
      "OU",
      "University of Oklahoma",
      "Sooners",
      "Oklahoma"
    ]
  },
  {
    "value": "Baylor",
    "synonyms": [
      "Baylor",
      "bears"
    ]
  },
  {
    "value": "Iowa State",
    "synonyms": [
      "ISU",
      "Iowa State",
      "Cyclones",
      "clones"
    ]
  },
  {
    "value": "Oklahoma State",
    "synonyms": [
      "OSU",
      "Oklahoma State",
      "Cowboys",
      "Cowgirls"
    ]
  },
  {
    "value": "Texas",
    "synonyms": [
      "Texas",
      "Longhorns"
    ]
  },
  {
    "value": "Texas Tech",
    "synonyms": [
      "TTU",
      "Texas Tech",
      "Texes Tech University",
      "Raiders",
      "Red Raiders"
    ]
  },
  {
    "value": "Iowa",
    "synonyms": [
      "Iowa",
      "Iowa University",
      "Hawkeyes"
    ]
  },
  {
    "value": "STA Saints",
    "synonyms": [
      "STA Saints",
      "Saint Thomas Aquinas",
      "Saints",
      "STA"
    ]
  }
]