[
  {
    "value": "Chiefs",
    "synonyms": [
      "Kansas City Chiefs",
      "Chiefs"
    ]
  },
  {
    "value": "Sporting",
    "synonyms": [
      "Sporting KC",
      "Sporting"
    ]
  },
  {
    "value": "Santa",
    "synonyms": [
      "Santa Claus",
      "Santa"
    ]
  },
  {
    "value": "Snow",
    "synonyms": [
      "Winter",
      "Snow"
    ]
  },
  {
    "value": "Tainbow",
    "synonyms": [
      "Rainbow"
    ]
  },
  {
    "value": "USA",
    "synonyms": [
      "America",
      "US",
      "usa",
      "USA"
    ]
  },
  {
    "value": "Royals",
    "synonyms": [
      "Kansas City Royals",
      "Royals"
    ]
  },
  {
    "value": "Wildcats",
    "synonyms": [
      "kstate",
      "K state",
      "Kansas State",
      "Wildcats"
    ]
  },
  {
    "value": "Jayhawks",
    "synonyms": [
      "KU",
      "Kansas University",
      "Jayhawks"
    ]
  },
  {
    "value": "Tigers",
    "synonyms": [
      "MU",
      "Missiouri University",
      "Tigers",
      "mizzou"
    ]
  },
  {
    "value": "Hawks",
    "synonyms": [
      "Rockhurst",
      "Hawks"
    ]
  },
  {
    "value": "Neptunes",
    "synonyms": [
      "NFS",
      "Nottingham Forest South",
      "Neptunes"
    ]
  },
  {
    "value": "Huskies",
    "synonyms": [
      "BVNW",
      "Huskies"
    ]
  }
]