[
  {
    "value": "Chiefs",
    "synonyms": [
      "Kansas City Chiefs",
      "Chiefs"
    ]
  },
  {
    "value": "Sporting",
    "synonyms": [
      "Sporting KC",
      "Sporting"
    ]
  },
  {
    "value": "Santa",
    "synonyms": [
      "Santa Claus",
      "Santa",
      "Christmas",
      "candycane",
      "candy cane",
      "jingle bells",
      "candy canes"
    ]
  },
  {
    "value": "Snow",
    "synonyms": [
      "Winter",
      "Snow",
      "snowman"
    ]
  },
  {
    "value": "Rainbow",
    "synonyms": [
      "Rainbow"
    ]
  },
  {
    "value": "USA",
    "synonyms": [
      "America",
      "US",
      "usa",
      "USA",
      "flag",
      "patriots"
    ]
  },
  {
    "value": "Royals",
    "synonyms": [
      "Kansas City Royals",
      "Royals"
    ]
  },
  {
    "value": "Wildcats",
    "synonyms": [
      "kstate",
      "K state",
      "Kansas State",
      "Wildcats",
      "k-state",
      "KSU"
    ]
  },
  {
    "value": "Jayhawks",
    "synonyms": [
      "KU",
      "Kansas University",
      "Jayhawks",
      "rock chalk",
      "Kansas"
    ]
  },
  {
    "value": "Tigers",
    "synonyms": [
      "MU",
      "Missiouri University",
      "Tigers",
      "mizzou",
      "Missouri"
    ]
  },
  {
    "value": "Hawks",
    "synonyms": [
      "Rockhurst",
      "Hawks"
    ]
  },
  {
    "value": "Neptunes",
    "synonyms": [
      "NFS",
      "Nottingham Forest South",
      "Neptunes"
    ]
  },
  {
    "value": "Huskies",
    "synonyms": [
      "BVNW",
      "Huskies"
    ]
  },
  {
    "value": "Grinch",
    "synonyms": [
      "Grinch"
    ]
  },
  {
    "value": "Mavericks",
    "synonyms": [
      "Mavericks",
      "KC Mavericks",
      "Kansas City Mavericks",
      "Missiouri Mavericks"
    ]
  },
  {
    "value": "Gorillas",
    "synonyms": [
      "Gorillas",
      "Pitts State",
      "Pittsburg State",
      "Pitt State"
    ]
  },
  {
    "value": "Pioneers",
    "synonyms": [
      "Pioneers",
      "MNU",
      "Mid-America Nazarene University"
    ]
  },
  {
    "value": "HornedFrogs",
    "synonyms": [
      "HornedFrogs",
      "Horned Frogs",
      "TCU",
      "Texas Christian University"
    ]
  },
  {
    "value": "Kangaroos",
    "synonyms": [
      "Kangaroos",
      "Roos",
      "UMKC"
    ]
  },
  {
    "value": "Falcons",
    "synonyms": [
      "Falcons",
      "Olathe South"
    ]
  },
  {
    "value": "Rudolph",
    "synonyms": [
      "Rudolph"
    ]
  },
  {
    "value": "Raindeer",
    "synonyms": [
      "Raindeer"
    ]
  },
  {
    "value": "Halloween",
    "synonyms": [
      "Halloween"
    ]
  },
  {
    "value": "Nebraska",
    "synonyms": [
      "Nebraska",
      "Corn Huskers"
    ]
  }
]