[
  {
    "id": "9bb69c75-5726-4366-b0eb-d2121ecbcf15",
    "data": [
      {
        "text": "that tree is blocking the view",
        "userDefined": false
      }
    ],
    "isTemplate": false,
    "count": 0
  },
  {
    "id": "182ce81e-cc89-4983-9ec3-4ca404dcf676",
    "data": [
      {
        "text": "that tree is blocking my view",
        "userDefined": false
      }
    ],
    "isTemplate": false,
    "count": 0
  },
  {
    "id": "964b0f2a-8a68-4988-8ad3-a8d4c1951ceb",
    "data": [
      {
        "text": "That car is in the way?",
        "userDefined": false
      }
    ],
    "isTemplate": false,
    "count": 0
  },
  {
    "id": "9f139a1c-6e6f-40ef-8803-e16159cba1c4",
    "data": [
      {
        "text": "Can you move that car?",
        "userDefined": false
      }
    ],
    "isTemplate": false,
    "count": 0
  },
  {
    "id": "d7b6bd9e-f59f-4bdc-9a45-79beab83a7b8",
    "data": [
      {
        "text": "The tree is in the way",
        "userDefined": false
      }
    ],
    "isTemplate": false,
    "count": 0
  },
  {
    "id": "420242db-2fa1-43a9-916c-d29fe538cbb5",
    "data": [
      {
        "text": "Can you move that tree?",
        "userDefined": false
      }
    ],
    "isTemplate": false,
    "count": 0,
    "updated": 0
  }
]