[
  {
    "id": "ddbf8e17-342b-496a-86b9-750e70379754",
    "data": [
      {
        "text": "webhook",
        "userDefined": false
      }
    ],
    "isTemplate": false,
    "count": 0
  },
  {
    "id": "ff3548a9-09cc-4a60-aefd-aa280c425580",
    "data": [
      {
        "text": "webhook check",
        "userDefined": false
      }
    ],
    "isTemplate": false,
    "count": 0,
    "updated": 1511551200
  },
  {
    "id": "0ae8d479-cc63-4612-86a1-339696eb07b1",
    "data": [
      {
        "text": "check webhook status",
        "userDefined": false
      }
    ],
    "isTemplate": false,
    "count": 0
  },
  {
    "id": "43fae544-b182-4d95-a048-0b7bd6c54f78",
    "data": [
      {
        "text": "check webhook",
        "userDefined": false
      }
    ],
    "isTemplate": false,
    "count": 0
  }
]