[
  {
    "id": "3d2a5a33-5ce5-40b0-ae94-8755aa6f369e",
    "data": [
      {
        "text": "webhook",
        "userDefined": false
      }
    ],
    "isTemplate": false,
    "count": 0
  },
  {
    "id": "a81e3942-2ea2-4a43-ad00-fc24b3b2b32d",
    "data": [
      {
        "text": "webhook check",
        "userDefined": false
      }
    ],
    "isTemplate": false,
    "count": 0,
    "updated": 1511551200
  },
  {
    "id": "fae51678-6855-4a41-8958-c54268e9bf58",
    "data": [
      {
        "text": "check webhook status",
        "userDefined": false
      }
    ],
    "isTemplate": false,
    "count": 0
  },
  {
    "id": "40e06505-24f3-47d6-b14c-0da7512e33a1",
    "data": [
      {
        "text": "check webhook",
        "userDefined": false
      }
    ],
    "isTemplate": false,
    "count": 0
  }
]