[
  {
    "id": "3c813f38-16aa-4904-9038-2cae751a82ca",
    "data": [
      {
        "text": "Go @team:teamName!",
        "userDefined": false
      }
    ],
    "isTemplate": true,
    "count": 0
  },
  {
    "id": "f1bb0e45-51d5-4545-b69d-2d6945e61a2d",
    "data": [
      {
        "text": "@team;teamName trees",
        "userDefined": false
      }
    ],
    "isTemplate": true,
    "count": 0
  },
  {
    "id": "52ff869c-7dbd-4219-8d77-0c06678b3e50",
    "data": [
      {
        "text": "I love the @team;teamName!",
        "userDefined": false
      }
    ],
    "isTemplate": true,
    "count": 0
  },
  {
    "id": "3f986754-19b1-4484-811f-524583630674",
    "data": [
      {
        "text": "I love @team:teamName!",
        "userDefined": false
      }
    ],
    "isTemplate": true,
    "count": 1
  },
  {
    "id": "3ca12930-7abc-4e9e-ac02-a7214dca9f57",
    "data": [
      {
        "text": "make all trees ",
        "userDefined": false
      },
      {
        "text": "rainbow",
        "alias": "teamName",
        "meta": "@team",
        "userDefined": false
      }
    ],
    "isTemplate": false,
    "count": 0
  },
  {
    "id": "79593850-58c4-4c66-9fe5-0d77a741cd76",
    "data": [
      {
        "text": "all ",
        "userDefined": false
      },
      {
        "text": "rainbow",
        "alias": "teamName",
        "meta": "@team",
        "userDefined": false
      }
    ],
    "isTemplate": false,
    "count": 0,
    "updated": 0
  },
  {
    "id": "1c76c136-cbbd-4db8-b50e-5eb8f397c889",
    "data": [
      {
        "text": "make all ",
        "userDefined": false
      },
      {
        "text": "rainbow",
        "alias": "teamName",
        "meta": "@team",
        "userDefined": false
      }
    ],
    "isTemplate": false,
    "count": 0,
    "updated": 0
  },
  {
    "id": "3d0a0d53-dd86-4b2f-a442-ab9d9b6bb417",
    "data": [
      {
        "text": "I love @team:teamName",
        "userDefined": false
      }
    ],
    "isTemplate": true,
    "count": 1,
    "updated": 0
  },
  {
    "id": "40385a49-1159-47ff-8a01-83529e9bf482",
    "data": [
      {
        "text": "I love the @team:teamName",
        "userDefined": false
      }
    ],
    "isTemplate": true,
    "count": 0,
    "updated": 0
  },
  {
    "id": "b1b404b1-00c0-49b6-9b22-a277daad72e9",
    "data": [
      {
        "text": "@team:teamName",
        "userDefined": false
      }
    ],
    "isTemplate": true,
    "count": 0
  },
  {
    "id": "67cb6fbf-8d8d-481b-a9c3-392b2cbbd197",
    "data": [
      {
        "text": "Go @team:teamName",
        "userDefined": false
      }
    ],
    "isTemplate": true,
    "count": 0,
    "updated": 0
  }
]