[
  {
    "id": "3b1d7d4d-4855-4935-b9cb-8dd21e251f36",
    "data": [
      {
        "text": "Go @team:teamName!",
        "userDefined": false
      }
    ],
    "isTemplate": true,
    "count": 0
  },
  {
    "id": "44c93d21-93bc-45e6-a68d-19f61db0e9ea",
    "data": [
      {
        "text": "@team;teamName trees",
        "userDefined": false
      }
    ],
    "isTemplate": true,
    "count": 0
  },
  {
    "id": "dc9c5acd-d45c-494d-ad37-a11a113f3120",
    "data": [
      {
        "text": "I love the @team;teamName!",
        "userDefined": false
      }
    ],
    "isTemplate": true,
    "count": 0
  },
  {
    "id": "1529dcff-2825-479a-bca5-054166658d01",
    "data": [
      {
        "text": "I love @team:teamName!",
        "userDefined": false
      }
    ],
    "isTemplate": true,
    "count": 1
  },
  {
    "id": "79df05ea-d822-4a59-a27f-5b6988220872",
    "data": [
      {
        "text": "make all trees ",
        "userDefined": false
      },
      {
        "text": "rainbow",
        "alias": "teamName",
        "meta": "@team",
        "userDefined": false
      }
    ],
    "isTemplate": false,
    "count": 0
  },
  {
    "id": "e18bef9f-2f37-4077-b4bf-ae8c73f6cd93",
    "data": [
      {
        "text": "all ",
        "userDefined": false
      },
      {
        "text": "rainbow",
        "alias": "teamName",
        "meta": "@team",
        "userDefined": false
      }
    ],
    "isTemplate": false,
    "count": 0,
    "updated": 0
  },
  {
    "id": "555fd8f5-ed0e-4606-837f-ddc9c740162e",
    "data": [
      {
        "text": "make all ",
        "userDefined": false
      },
      {
        "text": "rainbow",
        "alias": "teamName",
        "meta": "@team",
        "userDefined": false
      }
    ],
    "isTemplate": false,
    "count": 0,
    "updated": 0
  },
  {
    "id": "ace57429-3a01-4ba3-b62b-978ede5e0c36",
    "data": [
      {
        "text": "I love @team:teamName",
        "userDefined": false
      }
    ],
    "isTemplate": true,
    "count": 1,
    "updated": 0
  },
  {
    "id": "a6b4d4c2-3928-4427-a447-dc548eba3610",
    "data": [
      {
        "text": "I love the @team:teamName",
        "userDefined": false
      }
    ],
    "isTemplate": true,
    "count": 0,
    "updated": 0
  },
  {
    "id": "67f8e646-0e37-489b-a441-05d87a754a67",
    "data": [
      {
        "text": "@team:teamName",
        "userDefined": false
      }
    ],
    "isTemplate": true,
    "count": 0
  },
  {
    "id": "6daf0adc-edc6-43a7-b043-6a85c9b5f375",
    "data": [
      {
        "text": "Go @team:teamName",
        "userDefined": false
      }
    ],
    "isTemplate": true,
    "count": 0,
    "updated": 0
  }
]