[
  {
    "id": "d4196c13-06f2-4e12-aa8a-95c85e37c32c",
    "data": [
      {
        "text": "shout out to @team:teamName",
        "userDefined": false
      }
    ],
    "isTemplate": true,
    "count": 0
  },
  {
    "id": "9b7892f8-b701-4c70-835b-4f2ec8be8ecc",
    "data": [
      {
        "text": "Go @team:teamName!",
        "userDefined": false
      }
    ],
    "isTemplate": true,
    "count": 0
  },
  {
    "id": "6d71b4ba-d608-4c45-94a4-d9684b0a45a3",
    "data": [
      {
        "text": "@team;teamName trees",
        "userDefined": false
      }
    ],
    "isTemplate": true,
    "count": 0
  },
  {
    "id": "46428843-ad56-4122-8353-06084767b4a8",
    "data": [
      {
        "text": "I love the @team;teamName!",
        "userDefined": false
      }
    ],
    "isTemplate": true,
    "count": 0
  },
  {
    "id": "173810e6-c2af-47ef-84fb-994866d30813",
    "data": [
      {
        "text": "I love @team:teamName!",
        "userDefined": false
      }
    ],
    "isTemplate": true,
    "count": 1
  },
  {
    "id": "bb80603c-7857-4deb-804b-581922bfbecb",
    "data": [
      {
        "text": "make all trees ",
        "userDefined": false
      },
      {
        "text": "rainbow",
        "alias": "teamName",
        "meta": "@team",
        "userDefined": false
      }
    ],
    "isTemplate": false,
    "count": 0
  },
  {
    "id": "a85f9227-60ab-4f14-9b7d-7e31a0533b68",
    "data": [
      {
        "text": "all ",
        "userDefined": false
      },
      {
        "text": "rainbow",
        "alias": "teamName",
        "meta": "@team",
        "userDefined": false
      }
    ],
    "isTemplate": false,
    "count": 0,
    "updated": 0
  },
  {
    "id": "bd657490-ba68-4b4a-804c-2cf3d7e4d6e4",
    "data": [
      {
        "text": "make all ",
        "userDefined": false
      },
      {
        "text": "rainbow",
        "alias": "teamName",
        "meta": "@team",
        "userDefined": false
      }
    ],
    "isTemplate": false,
    "count": 0,
    "updated": 0
  },
  {
    "id": "4e76ccf4-c397-47e2-ab25-b10ac018693e",
    "data": [
      {
        "text": "I love @team:teamName",
        "userDefined": false
      }
    ],
    "isTemplate": true,
    "count": 1,
    "updated": 0
  },
  {
    "id": "188f21e6-3883-468e-838a-6a9bb6e4ff2d",
    "data": [
      {
        "text": "I love the @team:teamName",
        "userDefined": false
      }
    ],
    "isTemplate": true,
    "count": 0,
    "updated": 0
  },
  {
    "id": "9d684c7d-211b-4a14-9099-834f36e554aa",
    "data": [
      {
        "text": "@team:teamName",
        "userDefined": false
      }
    ],
    "isTemplate": true,
    "count": 0
  },
  {
    "id": "2e82d491-f136-4d7a-990e-cd19a8e5b23b",
    "data": [
      {
        "text": "Go @team:teamName",
        "userDefined": false
      }
    ],
    "isTemplate": true,
    "count": 0,
    "updated": 0
  }
]