[
  {
    "id": "5eaf6f6b-9546-4028-8b72-07dfbe72f382",
    "data": [
      {
        "text": "I love @team:teamName",
        "userDefined": false
      }
    ],
    "isTemplate": true,
    "count": 1,
    "updated": 0
  },
  {
    "id": "efeebaa6-6981-4cb7-bfb2-df54bdd67f18",
    "data": [
      {
        "text": "I love the @team:teamName",
        "userDefined": false
      }
    ],
    "isTemplate": true,
    "count": 0,
    "updated": 0
  },
  {
    "id": "b32c43b0-67a4-433b-901b-db0644707bf8",
    "data": [
      {
        "text": "@team:teamName",
        "userDefined": false
      }
    ],
    "isTemplate": true,
    "count": 0
  },
  {
    "id": "b417fbda-cb5b-4f9a-bc24-13237d20aca6",
    "data": [
      {
        "text": "Go @team:teamName",
        "userDefined": false
      }
    ],
    "isTemplate": true,
    "count": 0,
    "updated": 0
  }
]