[
  {
    "id": "592ce4e0-d17c-4de0-a752-5fb6f410bc1c",
    "data": [
      {
        "text": "I like the @sys.any:team",
        "userDefined": false
      }
    ],
    "isTemplate": false,
    "count": 0
  },
  {
    "id": "caaa0fae-72c0-4555-b8d7-87924ee132c8",
    "data": [
      {
        "text": "I like @sys.any:team",
        "userDefined": false
      }
    ],
    "isTemplate": true,
    "count": 0
  },
  {
    "id": "d7ac6db4-6954-4754-b163-79a940b6f74f",
    "data": [
      {
        "text": "I love the @sys.any:team",
        "userDefined": false
      }
    ],
    "isTemplate": true,
    "count": 0
  },
  {
    "id": "1203da17-9670-4654-b13f-85108415fd7c",
    "data": [
      {
        "text": "I love @sys.any:team",
        "userDefined": false
      }
    ],
    "isTemplate": true,
    "count": 0,
    "updated": 1514087787
  },
  {
    "id": "38bc064e-69bb-4ff9-a492-387179adfe6e",
    "data": [
      {
        "text": "go @sys.any:team",
        "userDefined": false
      }
    ],
    "isTemplate": true,
    "count": 0,
    "updated": 1514087787
  }
]