[
  {
    "id": "c04f37b7-d814-421f-90ee-42b3d454c31a",
    "data": [
      {
        "text": "make @elfNames:elementName @elfRequests:commandName",
        "userDefined": false
      }
    ],
    "isTemplate": true,
    "count": 0
  },
  {
    "id": "35a72f27-54e3-41b8-8343-4fc61e17000a",
    "data": [
      {
        "text": "@elfRequests:commandName @elfNames:elementName",
        "userDefined": false
      }
    ],
    "isTemplate": true,
    "count": 0
  },
  {
    "id": "608db60c-d821-4444-82c9-6c7345461e7a",
    "data": [
      {
        "text": "@elfNames:elementName @elfRequests:commandName",
        "userDefined": false
      }
    ],
    "isTemplate": true,
    "count": 0,
    "updated": 1513902656
  }
]