[
  {
    "id": "018ec7d2-374d-4133-997d-9a68d9629176",
    "data": [
      {
        "text": "make @elfNames:elementName @elfRequests:commandName",
        "userDefined": false
      }
    ],
    "isTemplate": true,
    "count": 0
  },
  {
    "id": "4ad5b7a0-639b-47ed-bfe9-ef16227a74d5",
    "data": [
      {
        "text": "@elfRequests:commandName @elfNames:elementName",
        "userDefined": false
      }
    ],
    "isTemplate": true,
    "count": 0
  },
  {
    "id": "28269f32-2187-4b93-be56-70cef64052a1",
    "data": [
      {
        "text": "@elfNames:elementName @elfRequests:commandName",
        "userDefined": false
      }
    ],
    "isTemplate": true,
    "count": 0,
    "updated": 1513902656
  }
]