[
  {
    "id": "7ba1d8be-a173-48fd-b45b-7f725865c9a9",
    "data": [
      {
        "text": "names",
        "userDefined": false
      }
    ],
    "isTemplate": false,
    "count": 0,
    "updated": 0
  },
  {
    "id": "5d7c7b05-0ef0-42a3-ae46-6decb729a8ab",
    "data": [
      {
        "text": "colors",
        "userDefined": false
      }
    ],
    "isTemplate": false,
    "count": 0,
    "updated": 1512514189
  },
  {
    "id": "b43f457f-59d1-4681-aed0-0c84aced92fd",
    "data": [
      {
        "text": "what colors can I use?",
        "userDefined": false
      }
    ],
    "isTemplate": false,
    "count": 0,
    "updated": 1512514189
  },
  {
    "id": "2428adc6-9339-4257-bad0-84a1be911f5d",
    "data": [
      {
        "text": "What colors do you know?",
        "userDefined": false
      }
    ],
    "isTemplate": false,
    "count": 0,
    "updated": 1512514189
  }
]