[
  {
    "id": "1e50ca2a-9a8a-4dc3-9e18-e73ffc8e2d39",
    "data": [
      {
        "text": "Bathrooms",
        "userDefined": false
      }
    ],
    "isTemplate": false,
    "count": 0
  },
  {
    "id": "0ad9bc9f-9e75-47f5-9345-abb4249e25b6",
    "data": [
      {
        "text": "Restrooms",
        "userDefined": false
      }
    ],
    "isTemplate": false,
    "count": 0
  },
  {
    "id": "c6d4f626-7a3c-4886-add4-f3b72f2c37f3",
    "data": [
      {
        "text": "Are there restrooms?",
        "userDefined": false
      }
    ],
    "isTemplate": false,
    "count": 0
  },
  {
    "id": "f3695103-8139-4182-b8d3-7ab6af346232",
    "data": [
      {
        "text": "Where is the restroom?",
        "userDefined": false
      }
    ],
    "isTemplate": false,
    "count": 0
  },
  {
    "id": "fb13979a-385a-40b5-a89c-729d780eda13",
    "data": [
      {
        "text": "Is there a restroom?",
        "userDefined": false
      }
    ],
    "isTemplate": false,
    "count": 0
  },
  {
    "id": "a5aef17c-07e2-4329-9ec2-96d2caef0ba3",
    "data": [
      {
        "text": "Where is a bathroom?",
        "userDefined": false
      }
    ],
    "isTemplate": false,
    "count": 1,
    "updated": 1512167613
  },
  {
    "id": "954005ad-c4a8-40bf-84b0-fdb01321f88e",
    "data": [
      {
        "text": "Where is the bathroom?",
        "userDefined": false
      }
    ],
    "isTemplate": false,
    "count": 0,
    "updated": 1512167613
  }
]