[
  {
    "id": "f1e3750b-fe66-4867-9706-ea775dabf05f",
    "data": [
      {
        "text": "When did Deanna Rose open?",
        "userDefined": false
      }
    ],
    "isTemplate": false,
    "count": 0
  },
  {
    "id": "9823350f-0359-4190-89af-11f8f326fc2e",
    "data": [
      {
        "text": "what year did ",
        "userDefined": false
      },
      {
        "text": "Deanna",
        "alias": "given-name",
        "meta": "@sys.given-name",
        "userDefined": false
      },
      {
        "text": " ",
        "userDefined": false
      },
      {
        "text": "Rose",
        "alias": "last-name",
        "meta": "@sys.last-name",
        "userDefined": false
      },
      {
        "text": " open?",
        "userDefined": false
      }
    ],
    "isTemplate": false,
    "count": 0
  },
  {
    "id": "f55fb6b6-56d2-44a8-ac5f-0b713f523df8",
    "data": [
      {
        "text": "how old is the Farmstead?",
        "userDefined": false
      }
    ],
    "isTemplate": false,
    "count": 0
  },
  {
    "id": "e2bc0855-dde8-49f6-95bd-cd7027a6e434",
    "data": [
      {
        "text": "When did the Farmstead open?",
        "userDefined": false
      }
    ],
    "isTemplate": false,
    "count": 0,
    "updated": 1512171888
  },
  {
    "id": "dd6ede16-4e58-42ba-a5ca-33e6e2fd777c",
    "data": [
      {
        "text": "In what year did the Farmstead open?",
        "userDefined": false
      }
    ],
    "isTemplate": false,
    "count": 0,
    "updated": 1512171888
  },
  {
    "id": "9ccc1530-ef89-40fa-8087-f1a62c47f1c9",
    "data": [
      {
        "text": "What year did the Farmstead open?",
        "userDefined": false
      }
    ],
    "isTemplate": false,
    "count": 0,
    "updated": 1512171888
  }
]