[
  {
    "id": "44edb3ab-ee82-4d1c-9840-6f006868853a",
    "data": [
      {
        "text": "When did the Farmstead open?",
        "userDefined": false
      }
    ],
    "isTemplate": false,
    "count": 0,
    "updated": 1512171888
  },
  {
    "id": "602dd1e6-3adf-4774-aa18-ab0e95be41c4",
    "data": [
      {
        "text": "In what year did the Farmstead open?",
        "userDefined": false
      }
    ],
    "isTemplate": false,
    "count": 0,
    "updated": 1512171888
  },
  {
    "id": "7464df5e-b2c5-4849-b8a0-cf79f5422ef7",
    "data": [
      {
        "text": "What year did the Farmstead open?",
        "userDefined": false
      }
    ],
    "isTemplate": false,
    "count": 0,
    "updated": 1512171888
  }
]