[
  {
    "id": "38a853a2-2452-4b55-9e3b-b89df73243d5",
    "data": [
      {
        "text": "hen",
        "userDefined": false
      }
    ],
    "isTemplate": false,
    "count": 0,
    "updated": 0
  },
  {
    "id": "5cf2ec95-c9cb-470c-a08d-ec5d1a5fcb2d",
    "data": [
      {
        "text": "cluck",
        "userDefined": false
      }
    ],
    "isTemplate": false,
    "count": 0,
    "updated": 0
  },
  {
    "id": "ce366811-4a20-4d5b-a6d9-974e317bd7db",
    "data": [
      {
        "text": "what is the name of the chicken on the roof?",
        "userDefined": false
      }
    ],
    "isTemplate": false,
    "count": 0
  },
  {
    "id": "a10fa9dc-f1b9-4222-9993-cc9c64657d8b",
    "data": [
      {
        "text": "what is the name of the chicken?",
        "userDefined": false
      }
    ],
    "isTemplate": false,
    "count": 0
  },
  {
    "id": "b7f6f851-fcc9-485d-9487-bbef72e6e904",
    "data": [
      {
        "text": "What is the chicken\u0027s name?",
        "userDefined": false
      }
    ],
    "isTemplate": false,
    "count": 0
  },
  {
    "id": "97030ec4-c637-48c9-98d4-cc66345066db",
    "data": [
      {
        "text": "What is the name of the rooster on the roof?",
        "userDefined": false
      }
    ],
    "isTemplate": false,
    "count": 0,
    "updated": 1512171476
  },
  {
    "id": "4e53f0f5-deb1-4122-884c-813d3a217756",
    "data": [
      {
        "text": "what is the name of the rooster?",
        "userDefined": false
      }
    ],
    "isTemplate": false,
    "count": 0,
    "updated": 1512171476
  },
  {
    "id": "66f35cd8-1703-4489-8d52-d86bd57d5fec",
    "data": [
      {
        "text": "what is the rooster\u0027s name?",
        "userDefined": false
      }
    ],
    "isTemplate": false,
    "count": 0,
    "updated": 1512171476
  }
]