[
  {
    "id": "9273fbfe-61c5-4d1e-96ae-f572ac3ff5b2",
    "data": [
      {
        "text": "who is the goat",
        "userDefined": false
      }
    ],
    "isTemplate": false,
    "count": 0
  },
  {
    "id": "2be4ffce-1acc-43b5-a635-6c8cdc2f22cc",
    "data": [
      {
        "text": "what is the name of the goat on the roof?",
        "userDefined": false
      }
    ],
    "isTemplate": false,
    "count": 0,
    "updated": 1512171352
  },
  {
    "id": "6e70ed88-8896-4b85-904c-1644a64558a2",
    "data": [
      {
        "text": "what is the goat\u0027s name?",
        "userDefined": false
      }
    ],
    "isTemplate": false,
    "count": 0,
    "updated": 1512171352
  },
  {
    "id": "0ed1d8ed-faa4-402b-b042-35e6a20898de",
    "data": [
      {
        "text": "What is the name of the goat?",
        "userDefined": false
      }
    ],
    "isTemplate": false,
    "count": 0,
    "updated": 1512171352
  }
]