[
  {
    "id": "b8692021-b545-425e-b63e-fb085aa42af8",
    "data": [
      {
        "text": "what is the name of the cow on the roof?",
        "userDefined": false
      }
    ],
    "isTemplate": false,
    "count": 0,
    "updated": 1512171391
  },
  {
    "id": "2f491778-7650-4b6e-9f7d-bc7358f8c404",
    "data": [
      {
        "text": "what is the name of the cow?",
        "userDefined": false
      }
    ],
    "isTemplate": false,
    "count": 0,
    "updated": 1512171391
  },
  {
    "id": "a0923cd5-b520-46e7-8a06-50bdd6543ddf",
    "data": [
      {
        "text": "what is the cow\u0027s name?",
        "userDefined": false
      }
    ],
    "isTemplate": false,
    "count": 0,
    "updated": 1512171391
  }
]