[
  {
    "id": "7aef19dd-178c-4848-9508-7abad4b64e13",
    "data": [
      {
        "text": "How do I make the lights purple?",
        "userDefined": false
      }
    ],
    "isTemplate": false,
    "count": 0
  },
  {
    "id": "ae66ee8e-e774-42cd-aa0a-6aab62ceaa6c",
    "data": [
      {
        "text": "change the tree colors",
        "userDefined": false
      }
    ],
    "isTemplate": false,
    "count": 0
  },
  {
    "id": "97a05706-82df-43d9-9566-1c0f79d4be9a",
    "data": [
      {
        "text": "Change the colors of the trees by the fence",
        "userDefined": false
      }
    ],
    "isTemplate": false,
    "count": 0
  },
  {
    "id": "ee3ff974-b3cd-451a-a53f-8b571836d6f2",
    "data": [
      {
        "text": "how do I change a tree color",
        "userDefined": false
      }
    ],
    "isTemplate": false,
    "count": 0
  },
  {
    "id": "154919d2-bb11-45a6-83f0-4ee08d2c361d",
    "data": [
      {
        "text": "How do I change the tree colors",
        "userDefined": false
      }
    ],
    "isTemplate": false,
    "count": 0
  },
  {
    "id": "c4b27854-507b-4f1b-a6c9-01ef8c880df2",
    "data": [
      {
        "text": "How do I change the lights by the fence",
        "userDefined": false
      }
    ],
    "isTemplate": false,
    "count": 0,
    "updated": 1512281735
  }
]