[
  {
    "id": "16fcdd8a-0423-412c-a99a-ec98863b177c",
    "data": [
      {
        "text": "All",
        "userDefined": false
      }
    ],
    "isTemplate": false,
    "count": 0,
    "updated": 0
  },
  {
    "id": "d5214d84-1b49-4e3c-8d15-136fcd3e1141",
    "data": [
      {
        "text": "make pattern",
        "userDefined": false
      }
    ],
    "isTemplate": false,
    "count": 0,
    "updated": 0
  },
  {
    "id": "1b6b039f-3bdb-4d58-9201-d8a8f55a057d",
    "data": [
      {
        "text": "Set tree colors",
        "userDefined": false
      }
    ],
    "isTemplate": false,
    "count": 0,
    "updated": 0
  },
  {
    "id": "28854416-369a-452f-a5d7-7ab53f6b10cf",
    "data": [
      {
        "text": "make trees look cool",
        "userDefined": false
      }
    ],
    "isTemplate": false,
    "count": 0,
    "updated": 0
  },
  {
    "id": "c2dd816f-6d1d-4231-9738-387eea69a52f",
    "data": [
      {
        "text": "Random",
        "userDefined": false
      }
    ],
    "isTemplate": false,
    "count": 0,
    "updated": 0
  },
  {
    "id": "6c5e0e57-1f4c-49a9-b5fd-eaf87c1fc4fb",
    "data": [
      {
        "text": "Go off",
        "userDefined": false
      }
    ],
    "isTemplate": false,
    "count": 0,
    "updated": 0
  },
  {
    "id": "45931d66-6402-4122-8137-0b90a537450d",
    "data": [
      {
        "text": "Go on",
        "userDefined": false
      }
    ],
    "isTemplate": false,
    "count": 0,
    "updated": 0
  },
  {
    "id": "17725a81-750a-4ac0-b4f0-2d52e95b23c2",
    "data": [
      {
        "text": "Turn ",
        "userDefined": false
      },
      {
        "text": "green",
        "alias": "color",
        "meta": "@color",
        "userDefined": false
      }
    ],
    "isTemplate": false,
    "count": 0,
    "updated": 0
  },
  {
    "id": "f77f1462-3a9c-4ffb-8c0b-5649b282edba",
    "data": [
      {
        "text": "flashing lights",
        "userDefined": false
      }
    ],
    "isTemplate": false,
    "count": 0,
    "updated": 0
  },
  {
    "id": "8cc5f527-1836-46be-a835-c8be35435f13",
    "data": [
      {
        "text": "@color:color trees",
        "userDefined": false
      }
    ],
    "isTemplate": false,
    "count": 0
  },
  {
    "id": "ae00a54c-549e-4e9e-84ac-ad279f3729df",
    "data": [
      {
        "text": "@color:color lights",
        "userDefined": false
      }
    ],
    "isTemplate": false,
    "count": 0
  },
  {
    "id": "4517794d-5e0f-4c9f-9624-9e4ba257cb8d",
    "data": [
      {
        "text": "change the trees to @color:color",
        "userDefined": false
      }
    ],
    "isTemplate": true,
    "count": 0,
    "updated": 0
  },
  {
    "id": "d121f5f9-aa8a-4d04-bca9-e93af668edab",
    "data": [
      {
        "text": "can you make them rainbow colored",
        "userDefined": false
      }
    ],
    "isTemplate": false,
    "count": 0,
    "updated": 0
  },
  {
    "id": "86387dc1-d716-4111-b5a8-930377ae551a",
    "data": [
      {
        "text": "Off",
        "userDefined": false
      }
    ],
    "isTemplate": false,
    "count": 0,
    "updated": 0
  },
  {
    "id": "aba1b423-575d-4a54-8d3f-1b444da78375",
    "data": [
      {
        "text": "How do you change the tree lights?",
        "userDefined": false
      }
    ],
    "isTemplate": false,
    "count": 0,
    "updated": 0
  },
  {
    "id": "8fe6d57e-c2ed-4863-89da-1b2eb9274d93",
    "data": [
      {
        "text": "No lights on tree one",
        "userDefined": false
      }
    ],
    "isTemplate": false,
    "count": 0,
    "updated": 0
  },
  {
    "id": "cb55125b-63af-4a03-bfc6-d1cf25c0cca3",
    "data": [
      {
        "text": "How do you control the tree with your phone?",
        "userDefined": false
      }
    ],
    "isTemplate": false,
    "count": 0
  },
  {
    "id": "d8479671-b042-4565-a728-895bb0af782a",
    "data": [
      {
        "text": "How do you control the trees?",
        "userDefined": false
      }
    ],
    "isTemplate": false,
    "count": 0
  },
  {
    "id": "e1c9381a-83ba-4878-9f16-9de9cee98396",
    "data": [
      {
        "text": "How do I make the lights @color:color",
        "userDefined": false
      }
    ],
    "isTemplate": true,
    "count": 0
  },
  {
    "id": "b99098d1-7972-494d-834d-4080eefad25e",
    "data": [
      {
        "text": "change the tree colors",
        "userDefined": false
      }
    ],
    "isTemplate": false,
    "count": 0
  },
  {
    "id": "4307c6a4-273c-4584-9ea3-ad07132f6f1e",
    "data": [
      {
        "text": "Change the colors of the trees by the fence",
        "userDefined": false
      }
    ],
    "isTemplate": false,
    "count": 0
  },
  {
    "id": "4d616b3c-4b3b-49ac-8ae7-e091072c6969",
    "data": [
      {
        "text": "how do I change a tree color",
        "userDefined": false
      }
    ],
    "isTemplate": false,
    "count": 0
  },
  {
    "id": "4f3b355e-aebf-4516-9d0d-6b01ef5903e3",
    "data": [
      {
        "text": "How do I change the tree colors",
        "userDefined": false
      }
    ],
    "isTemplate": false,
    "count": 0
  },
  {
    "id": "df17b0a2-47f9-4f66-8c04-c57d87edb997",
    "data": [
      {
        "text": "How do I change the lights by the fence",
        "userDefined": false
      }
    ],
    "isTemplate": false,
    "count": 0,
    "updated": 1512281735
  }
]