[
  {
    "id": "3c9ae47f-2a2b-4cb9-bfdc-38047b351f9f",
    "data": [
      {
        "text": "can i give the farmstead an animal?",
        "userDefined": false
      }
    ],
    "isTemplate": false,
    "count": 0
  },
  {
    "id": "b37822bd-ea0d-4bbb-9921-ba5a73d098f3",
    "data": [
      {
        "text": "can i donate an animal?",
        "userDefined": false
      }
    ],
    "isTemplate": false,
    "count": 0
  },
  {
    "id": "13205b79-4502-4970-a940-c4a44d6c401b",
    "data": [
      {
        "text": "Does the farmstead accept animals donations?",
        "userDefined": false
      }
    ],
    "isTemplate": false,
    "count": 0,
    "updated": 1512171968
  }
]