[
  {
    "id": "8af34f22-610a-4e42-9e83-d9fcf608ac58",
    "data": [
      {
        "text": "What is the name of the lamp on the roof?",
        "userDefined": false
      }
    ],
    "isTemplate": false,
    "count": 0
  },
  {
    "id": "6a2d6821-748a-41b2-a9c1-8d37020a53a2",
    "data": [
      {
        "text": "What is the lamb\u0027s name?",
        "userDefined": false
      }
    ],
    "isTemplate": false,
    "count": 0
  },
  {
    "id": "bee37885-4081-48c9-b53a-57a4f21d5ffb",
    "data": [
      {
        "text": "What is the name of the lamb?",
        "userDefined": false
      }
    ],
    "isTemplate": false,
    "count": 0
  },
  {
    "id": "b22aee7c-262c-4174-9a2f-d274a7444def",
    "data": [
      {
        "text": "What is the name of the sheep on the roof?",
        "userDefined": false
      }
    ],
    "isTemplate": false,
    "count": 0,
    "updated": 1512171266
  },
  {
    "id": "b5ec04a2-612d-4e70-a8f7-025219000593",
    "data": [
      {
        "text": "what is the name of the sheep?",
        "userDefined": false
      }
    ],
    "isTemplate": false,
    "count": 0,
    "updated": 1512171266
  },
  {
    "id": "84c78c60-be25-4658-8fb8-c0d97d964333",
    "data": [
      {
        "text": "What is the sheep\u0027s name?",
        "userDefined": false
      }
    ],
    "isTemplate": false,
    "count": 0,
    "updated": 1512171266
  }
]