[
  {
    "id": "ee3a33cd-7d9c-4ff7-8f82-eb0735039997",
    "data": [
      {
        "text": "names",
        "userDefined": false
      }
    ],
    "isTemplate": false,
    "count": 0,
    "updated": 0
  },
  {
    "id": "d01edb27-9504-45cf-a9a0-3512256f66dd",
    "data": [
      {
        "text": "colors",
        "userDefined": false
      }
    ],
    "isTemplate": false,
    "count": 0,
    "updated": 1512514189
  },
  {
    "id": "4482ad29-7a15-4a77-a518-3318ac013d96",
    "data": [
      {
        "text": "what colors can I use?",
        "userDefined": false
      }
    ],
    "isTemplate": false,
    "count": 0,
    "updated": 1512514189
  },
  {
    "id": "7fc8b024-e455-40a6-b26c-bbb9a2d845c5",
    "data": [
      {
        "text": "What colors do you know?",
        "userDefined": false
      }
    ],
    "isTemplate": false,
    "count": 0,
    "updated": 1512514189
  }
]