[
  {
    "id": "0b09cfce-c95e-4dee-96ad-cc68f51cd021",
    "data": [
      {
        "text": "What time does the show end?",
        "userDefined": false
      }
    ],
    "isTemplate": false,
    "count": 0
  },
  {
    "id": "62024dfb-6ead-4da5-8a4b-c79d29505367",
    "data": [
      {
        "text": "What time does the show start?",
        "userDefined": false
      }
    ],
    "isTemplate": false,
    "count": 0
  },
  {
    "id": "52e85338-9567-4057-98fc-6f02860fe747",
    "data": [
      {
        "text": "When does the show start?",
        "userDefined": false
      }
    ],
    "isTemplate": false,
    "count": 0
  },
  {
    "id": "0acd5dc9-dbbd-490b-a732-6d445bdd225f",
    "data": [
      {
        "text": "what are the show hours?",
        "userDefined": false
      }
    ],
    "isTemplate": false,
    "count": 0
  },
  {
    "id": "5cf4024a-5412-4c27-b65f-fe535b53040e",
    "data": [
      {
        "text": "When does the show end?",
        "userDefined": false
      }
    ],
    "isTemplate": false,
    "count": 0,
    "updated": 0
  },
  {
    "id": "6cb2bbee-e0f0-4c3c-ab06-807f081198b5",
    "data": [
      {
        "text": "show hours",
        "userDefined": false
      }
    ],
    "isTemplate": false,
    "count": 0,
    "updated": 0
  },
  {
    "id": "0dde2371-b38d-4a16-bff1-84ca75c28e2e",
    "data": [
      {
        "text": "When can we watch the show?",
        "userDefined": false
      }
    ],
    "isTemplate": false,
    "count": 0,
    "updated": 0
  },
  {
    "id": "c42e86e5-8684-4b6f-988d-9f535327e322",
    "data": [
      {
        "text": "When does the show begin?",
        "userDefined": false
      }
    ],
    "isTemplate": false,
    "count": 0,
    "updated": 0
  },
  {
    "id": "195ecd84-fe89-4598-944a-b080a932ac7f",
    "data": [
      {
        "text": "What are the hours of the show?",
        "userDefined": false
      }
    ],
    "isTemplate": false,
    "count": 0,
    "updated": 0
  }
]