[
  {
    "id": "5e8642a3-3ce5-4cb2-91f3-f7f3d652af75",
    "data": [
      {
        "text": "What is the Farmstead URL?",
        "userDefined": false
      }
    ],
    "isTemplate": false,
    "count": 0,
    "updated": 1512172112
  },
  {
    "id": "0b941547-7728-4690-952d-6f0a9bc5322f",
    "data": [
      {
        "text": "What is the Farmstead web site?",
        "userDefined": false
      }
    ],
    "isTemplate": false,
    "count": 0,
    "updated": 1512172112
  },
  {
    "id": "b17da2d1-0f97-4f8a-923a-a749af70bfb8",
    "data": [
      {
        "text": "Where can I learn more about the Farmstead?",
        "userDefined": false
      }
    ],
    "isTemplate": false,
    "count": 0,
    "updated": 1512172112
  },
  {
    "id": "668be8c1-ac64-4430-8dfd-da8b60ec7fb3",
    "data": [
      {
        "text": "how can I buy a Farmstead membership?",
        "userDefined": false
      }
    ],
    "isTemplate": false,
    "count": 0,
    "updated": 1512172112
  },
  {
    "id": "ec41b515-9fb2-431f-80bc-5f79b132db1e",
    "data": [
      {
        "text": "where do I buy a Farmstead membership?",
        "userDefined": false
      }
    ],
    "isTemplate": false,
    "count": 0,
    "updated": 1512172112
  },
  {
    "id": "1b7d4e29-b7d5-41d2-bb7b-e14745d846aa",
    "data": [
      {
        "text": "How do I buy a Farmstead membership?",
        "userDefined": false
      }
    ],
    "isTemplate": false,
    "count": 0,
    "updated": 1512172112
  }
]