[
  {
    "id": "c13a2795-8328-42a2-b0a7-0f4566c39d12",
    "data": [
      {
        "text": "What station do I tune into?",
        "userDefined": false
      }
    ],
    "isTemplate": false,
    "count": 0,
    "updated": 0
  },
  {
    "id": "17ff009a-7547-429d-aa77-7308b7cb2181",
    "data": [
      {
        "text": "Go station",
        "userDefined": false
      }
    ],
    "isTemplate": false,
    "count": 0,
    "updated": 0
  },
  {
    "id": "5e98aa8a-466f-4461-938d-ae5820e0d56e",
    "data": [
      {
        "text": "Go color station",
        "userDefined": false
      }
    ],
    "isTemplate": false,
    "count": 0,
    "updated": 0
  },
  {
    "id": "e5d4d89a-2216-46f2-b030-2beebe206884",
    "data": [
      {
        "text": "how do you make the music play?",
        "userDefined": false
      }
    ],
    "isTemplate": false,
    "count": 0
  },
  {
    "id": "d66a508d-3920-42b2-bafc-a40bcf32893c",
    "data": [
      {
        "text": "how do you make the songs play?",
        "userDefined": false
      }
    ],
    "isTemplate": false,
    "count": 0
  },
  {
    "id": "a0d2c3b4-7cbe-4919-a8f7-bb963d288380",
    "data": [
      {
        "text": "sound",
        "userDefined": false
      }
    ],
    "isTemplate": false,
    "count": 0
  },
  {
    "id": "91334938-ffe7-4328-be32-80080c4f8546",
    "data": [
      {
        "text": "How do I listen to the music?",
        "userDefined": false
      }
    ],
    "isTemplate": false,
    "count": 0,
    "updated": 1512166298
  },
  {
    "id": "b5acbf80-9082-4b56-be19-8e744415e5dc",
    "data": [
      {
        "text": "Is there music with the show?",
        "userDefined": false
      }
    ],
    "isTemplate": false,
    "count": 0,
    "updated": 1512166298
  },
  {
    "id": "39b9a548-ef9d-4346-b74b-6794403b5d2d",
    "data": [
      {
        "text": "How do we listen to the show?",
        "userDefined": false
      }
    ],
    "isTemplate": false,
    "count": 0,
    "updated": 1512166298
  },
  {
    "id": "b10944d4-3b9c-4d5f-9ec5-cf0a9df49bff",
    "data": [
      {
        "text": "How do I get the music?",
        "userDefined": false
      }
    ],
    "isTemplate": false,
    "count": 0,
    "updated": 1512166298
  },
  {
    "id": "ad2e6b33-db21-47ee-aba8-7d5e24e7495b",
    "data": [
      {
        "text": "What is the radio station?",
        "userDefined": false
      }
    ],
    "isTemplate": false,
    "count": 0,
    "updated": 1512166298
  }
]