[
  {
    "id": "580e1ba5-401e-49c2-92e2-cdd0d8741f31",
    "data": [
      {
        "text": "what does the lamb say?",
        "userDefined": false
      }
    ],
    "isTemplate": false,
    "count": 0,
    "updated": 1512171066
  },
  {
    "id": "ace8586f-3fad-4ff7-bbf3-214079dd3e5c",
    "data": [
      {
        "text": "what does the sheep say?",
        "userDefined": false
      }
    ],
    "isTemplate": false,
    "count": 0,
    "updated": 1512171066
  },
  {
    "id": "00e6482e-ca61-4dee-9500-ef3f6b1394c0",
    "data": [
      {
        "text": "What sound does the lamb make?",
        "userDefined": false
      }
    ],
    "isTemplate": false,
    "count": 0,
    "updated": 1512171066
  },
  {
    "id": "6c4c4d6b-3e62-4349-88ef-d6ebf890f7f3",
    "data": [
      {
        "text": "What sound does the sheep make?",
        "userDefined": false
      }
    ],
    "isTemplate": false,
    "count": 0,
    "updated": 1512171066
  }
]