[
  {
    "id": "c2d93b1b-0ab5-43af-b86e-2f7fe21da96b",
    "data": [
      {
        "text": "Whens ",
        "userDefined": false
      },
      {
        "text": "christmas?",
        "meta": "@sys.ignore",
        "userDefined": false
      }
    ],
    "isTemplate": false,
    "count": 0,
    "updated": 0
  },
  {
    "id": "c35276ae-3e96-4cc0-a7ed-c962ad308e5c",
    "data": [
      {
        "text": "When\u0027s ",
        "userDefined": false
      },
      {
        "text": "Christmas",
        "meta": "@sys.ignore",
        "userDefined": false
      },
      {
        "text": "?",
        "userDefined": false
      }
    ],
    "isTemplate": false,
    "count": 0,
    "updated": 1513121855
  },
  {
    "id": "79c42530-53fa-4dff-8198-f99220a13869",
    "data": [
      {
        "text": "When is ",
        "userDefined": false
      },
      {
        "text": "Christmas",
        "meta": "@sys.ignore",
        "userDefined": false
      },
      {
        "text": "?",
        "userDefined": false
      }
    ],
    "isTemplate": false,
    "count": 0,
    "updated": 1513121855
  }
]