[
  {
    "id": "97a176e3-accd-4547-b279-ce7b7bcc4768",
    "data": [
      {
        "text": "is there a cost",
        "userDefined": false
      }
    ],
    "isTemplate": false,
    "count": 0,
    "updated": 0
  },
  {
    "id": "c460703f-8c69-488e-9ec8-03805b050203",
    "data": [
      {
        "text": "Admission fee",
        "userDefined": false
      }
    ],
    "isTemplate": false,
    "count": 0,
    "updated": 0
  },
  {
    "id": "ea65be6c-c527-4933-87bb-1271d19802dc",
    "data": [
      {
        "text": "admission fee",
        "userDefined": false
      }
    ],
    "isTemplate": false,
    "count": 0,
    "updated": 0
  },
  {
    "id": "bc8b65e6-1d70-40d6-b7d7-193ba3466d97",
    "data": [
      {
        "text": "is there a cost",
        "userDefined": false
      }
    ],
    "isTemplate": false,
    "count": 0,
    "updated": 0
  },
  {
    "id": "ad250291-ecba-4d90-8066-dfbe9e704fdc",
    "data": [
      {
        "text": "price",
        "userDefined": false
      }
    ],
    "isTemplate": false,
    "count": 0,
    "updated": 1512682966
  },
  {
    "id": "eb897629-63b9-4954-88e4-461799cfe7de",
    "data": [
      {
        "text": "admission fee",
        "userDefined": false
      }
    ],
    "isTemplate": false,
    "count": 0,
    "updated": 1512682966
  },
  {
    "id": "0c85afa2-ef8c-4ce1-9a4e-6ed08591ae6f",
    "data": [
      {
        "text": "cost",
        "userDefined": false
      }
    ],
    "isTemplate": false,
    "count": 0,
    "updated": 1512682966
  }
]