[
  {
    "id": "d9564aa6-eda4-440b-8d18-f72fddbefc25",
    "data": [
      {
        "text": "When did the show start?",
        "userDefined": false
      }
    ],
    "isTemplate": false,
    "count": 0
  },
  {
    "id": "753c0eae-9d7c-4ddb-bc28-f82e54c9cb9a",
    "data": [
      {
        "text": "How long has this light show been going?",
        "userDefined": false
      }
    ],
    "isTemplate": false,
    "count": 0
  },
  {
    "id": "ebaccd54-687e-4c07-8e8b-f612297f7b63",
    "data": [
      {
        "text": "How old is the show?",
        "userDefined": false
      }
    ],
    "isTemplate": false,
    "count": 1,
    "updated": 1512167277
  },
  {
    "id": "89f8177e-cc5c-488d-a293-0b38ae4640de",
    "data": [
      {
        "text": "How many years has the light show been going on?",
        "userDefined": false
      }
    ],
    "isTemplate": false,
    "count": 0,
    "updated": 1512167277
  },
  {
    "id": "4361f0c4-bbb1-44ea-b166-91b368624a8c",
    "data": [
      {
        "text": "How many years has the light show been running?",
        "userDefined": false
      }
    ],
    "isTemplate": false,
    "count": 0,
    "updated": 1512167277
  }
]