[
  {
    "id": "60f136dd-b4bf-4575-ac56-2d16a960b476",
    "data": [
      {
        "text": "Farmstead facts",
        "userDefined": false
      }
    ],
    "isTemplate": false,
    "count": 0,
    "updated": 0
  },
  {
    "id": "d0f84e62-cb42-4f75-959b-7dc27b4a19f0",
    "data": [
      {
        "text": "Tell me more about the farmstead",
        "userDefined": false
      }
    ],
    "isTemplate": false,
    "count": 0
  },
  {
    "id": "8ccbe14b-ab1d-49e1-ac55-ffebd7465887",
    "data": [
      {
        "text": "Tell me something about the farmstead?",
        "userDefined": false
      }
    ],
    "isTemplate": false,
    "count": 0,
    "updated": 0
  },
  {
    "id": "27dc7d63-a3dc-4599-bc3c-02b9798bf41c",
    "data": [
      {
        "text": "What is Deanna ",
        "userDefined": false
      },
      {
        "text": "Rose",
        "meta": "@sys.ignore",
        "userDefined": false
      },
      {
        "text": " Children\u0027s Farmstead?",
        "userDefined": false
      }
    ],
    "isTemplate": false,
    "count": 0
  },
  {
    "id": "d67211bc-5657-41b6-b0bb-bfa50e3ef022",
    "data": [
      {
        "text": "Deanna ",
        "userDefined": false
      },
      {
        "text": "Rose",
        "alias": "color",
        "meta": "@sys.color",
        "userDefined": false
      },
      {
        "text": " Children\u0027s Farmstead",
        "userDefined": false
      }
    ],
    "isTemplate": false,
    "count": 0
  },
  {
    "id": "88382590-6c9f-40f3-96db-d521c50588b6",
    "data": [
      {
        "text": "Tell me about the farmstead",
        "userDefined": false
      }
    ],
    "isTemplate": false,
    "count": 0
  },
  {
    "id": "85468752-868c-4ffc-8b55-087160742033",
    "data": [
      {
        "text": "Farmstead",
        "userDefined": false
      }
    ],
    "isTemplate": false,
    "count": 0,
    "updated": 0
  }
]