[
  {
    "id": "cff5a063-aa84-4ae3-8052-7644c0427eda",
    "data": [
      {
        "text": "What is the construction?",
        "userDefined": false
      }
    ],
    "isTemplate": false,
    "count": 0,
    "updated": 1512169799
  },
  {
    "id": "01c67e4d-6326-4826-bbf3-1521b3f99cf8",
    "data": [
      {
        "text": "What is the Farmstead building?",
        "userDefined": false
      }
    ],
    "isTemplate": false,
    "count": 0,
    "updated": 1512169799
  },
  {
    "id": "d3a89d9f-a793-4c19-94de-2974e718d5ca",
    "data": [
      {
        "text": "What are you building?",
        "userDefined": false
      }
    ],
    "isTemplate": false,
    "count": 0,
    "updated": 1512169799
  }
]