[
  {
    "id": "0dfc58c0-ed33-42c8-8532-8892b5bf43dd",
    "data": [
      {
        "text": "swine",
        "userDefined": false
      }
    ],
    "isTemplate": false,
    "count": 0,
    "updated": 0
  },
  {
    "id": "33ef2025-04c0-4699-985f-f71e489f6cc3",
    "data": [
      {
        "text": "who is the pig",
        "userDefined": false
      }
    ],
    "isTemplate": false,
    "count": 0
  },
  {
    "id": "b806e1ca-5d89-4898-8782-262931a7d238",
    "data": [
      {
        "text": "What is the name of the pig on the roof?",
        "userDefined": false
      }
    ],
    "isTemplate": false,
    "count": 0,
    "updated": 1512171205
  },
  {
    "id": "f43fadf5-9e82-4551-bc51-905c9d490d8c",
    "data": [
      {
        "text": "what is the name of the pig?",
        "userDefined": false
      }
    ],
    "isTemplate": false,
    "count": 0,
    "updated": 1512171205
  },
  {
    "id": "0565baf9-593d-4c6e-812c-4bd0fca998cf",
    "data": [
      {
        "text": "What is the pig\u0027s name?",
        "userDefined": false
      }
    ],
    "isTemplate": false,
    "count": 0,
    "updated": 1512171205
  }
]