[
  {
    "id": "d8cdbfd7-812d-4ac6-9cd8-98bc83294ff6",
    "data": [
      {
        "text": "this is lame",
        "userDefined": false
      }
    ],
    "isTemplate": false,
    "count": 0,
    "updated": 0
  },
  {
    "id": "44171b7e-684e-4fab-8e71-c5b2e9079180",
    "data": [
      {
        "text": "Please help me?",
        "userDefined": false
      }
    ],
    "isTemplate": false,
    "count": 0
  },
  {
    "id": "9851061e-b49d-4146-8df1-cc2a8b5e3f5f",
    "data": [
      {
        "text": " Can you help me?",
        "userDefined": false
      }
    ],
    "isTemplate": false,
    "count": 0
  },
  {
    "id": "0c0fce28-6f12-4971-8038-1f7721cb949a",
    "data": [
      {
        "text": "more help",
        "userDefined": false
      }
    ],
    "isTemplate": false,
    "count": 0
  },
  {
    "id": "aad71e4c-c469-4baa-8369-9bceef378f2e",
    "data": [
      {
        "text": "go",
        "userDefined": false
      }
    ],
    "isTemplate": false,
    "count": 0,
    "updated": 0
  },
  {
    "id": "23e98565-8493-4a4a-a58b-81d817da9577",
    "data": [
      {
        "text": "Sup?",
        "userDefined": false
      }
    ],
    "isTemplate": false,
    "count": 0
  },
  {
    "id": "54f57cf8-0955-4e31-84e7-6ded83a2260c",
    "data": [
      {
        "text": "Commands",
        "userDefined": false
      }
    ],
    "isTemplate": false,
    "count": 0,
    "updated": 0
  },
  {
    "id": "882d1ff1-5c57-42e5-a668-3dcf4687e226",
    "data": [
      {
        "text": "List",
        "userDefined": false
      }
    ],
    "isTemplate": false,
    "count": 0,
    "updated": 0
  },
  {
    "id": "835bd29d-836d-4d04-bae1-0b6cc7973e47",
    "data": [
      {
        "text": "Options",
        "userDefined": false
      }
    ],
    "isTemplate": false,
    "count": 0,
    "updated": 0
  },
  {
    "id": "1d846673-29a7-44ba-bed3-c605e92f6ee1",
    "data": [
      {
        "text": "What do I do?",
        "userDefined": false
      }
    ],
    "isTemplate": false,
    "count": 0,
    "updated": 0
  },
  {
    "id": "be811ee4-1c91-427b-b0b7-d479d3df9257",
    "data": [
      {
        "text": "Empty response",
        "userDefined": false
      }
    ],
    "isTemplate": false,
    "count": 0,
    "updated": 0
  },
  {
    "id": "2031685d-5bbb-429c-b3de-5d7b9b875152",
    "data": [
      {
        "text": "How does it work?",
        "userDefined": false
      }
    ],
    "isTemplate": false,
    "count": 0,
    "updated": 0
  },
  {
    "id": "85759103-34d6-4daf-b429-b6ba374ce727",
    "data": [
      {
        "text": "?",
        "userDefined": false
      }
    ],
    "isTemplate": false,
    "count": 0,
    "updated": 0
  },
  {
    "id": "88429764-774d-4576-bd7d-8ab9a5510588",
    "data": [
      {
        "text": "what is this",
        "userDefined": false
      }
    ],
    "isTemplate": false,
    "count": 0
  },
  {
    "id": "fa371241-83b1-43c5-ad9e-cc767b522750",
    "data": [
      {
        "text": "how do I",
        "userDefined": false
      }
    ],
    "isTemplate": false,
    "count": 0
  },
  {
    "id": "7af68f5c-bdb9-43a9-8ec5-58fecfef05ed",
    "data": [
      {
        "text": "what are things to ask?",
        "userDefined": false
      }
    ],
    "isTemplate": false,
    "count": 0
  },
  {
    "id": "288b7969-6d5e-4818-b680-419e6dafb35a",
    "data": [
      {
        "text": "What are cool things to ask",
        "userDefined": false
      }
    ],
    "isTemplate": false,
    "count": 0
  },
  {
    "id": "512a744f-1aab-4285-8b9d-f4a297efa43c",
    "data": [
      {
        "text": "help me please?",
        "userDefined": false
      }
    ],
    "isTemplate": false,
    "count": 0,
    "updated": 0
  },
  {
    "id": "56a110a4-b890-4ae4-b271-7c9f62254d23",
    "data": [
      {
        "text": "help?",
        "userDefined": false
      }
    ],
    "isTemplate": false,
    "count": 0,
    "updated": 0
  },
  {
    "id": "bfd0fd25-0dfc-4e9b-9945-89077edb5cc4",
    "data": [
      {
        "text": "what can I do?",
        "userDefined": false
      }
    ],
    "isTemplate": false,
    "count": 0,
    "updated": 0
  },
  {
    "id": "7216f51e-2e7c-4db2-8ad5-5ef099558a6c",
    "data": [
      {
        "text": "What can you do?",
        "userDefined": false
      }
    ],
    "isTemplate": false,
    "count": 0,
    "updated": 0
  }
]