[
  {
    "id": "f5bd663b-80d5-4d1b-ba7c-6317e27bb8e3",
    "data": [
      {
        "text": "Animals",
        "userDefined": false
      }
    ],
    "isTemplate": false,
    "count": 0
  },
  {
    "id": "36463f0e-3501-459a-97d5-64f09f58c396",
    "data": [
      {
        "text": "Tell me about the animals",
        "userDefined": false
      }
    ],
    "isTemplate": false,
    "count": 0
  },
  {
    "id": "9dda86f2-4dcf-4c74-ab63-06eadd62c440",
    "data": [
      {
        "text": "tell me something about animals",
        "userDefined": false
      }
    ],
    "isTemplate": false,
    "count": 0
  },
  {
    "id": "3ac14e72-8b6f-4a82-9c7e-401e844c2e6c",
    "data": [
      {
        "text": "Animal facts",
        "userDefined": false
      }
    ],
    "isTemplate": false,
    "count": 0
  }
]