[
  {
    "id": "643f0a1a-1b61-402c-b543-ffc950d28043",
    "data": [
      {
        "text": "change the tree colors",
        "userDefined": false
      }
    ],
    "isTemplate": false,
    "count": 0
  },
  {
    "id": "ab69577b-932d-48d7-8a18-e72441adc7bf",
    "data": [
      {
        "text": "Change the colors of the trees by the fence",
        "userDefined": false
      }
    ],
    "isTemplate": false,
    "count": 0
  },
  {
    "id": "9da5498c-129a-41bc-b0e7-912ea6231403",
    "data": [
      {
        "text": "how do I change a tree color",
        "userDefined": false
      }
    ],
    "isTemplate": false,
    "count": 0
  },
  {
    "id": "d34be544-c508-496b-b208-df4134daa715",
    "data": [
      {
        "text": "How do I change the tree colors",
        "userDefined": false
      }
    ],
    "isTemplate": false,
    "count": 0
  },
  {
    "id": "0fa8a7c2-fc1e-4be8-8a80-9d0eaab58883",
    "data": [
      {
        "text": "How do I change the lights by the fence",
        "userDefined": false
      }
    ],
    "isTemplate": false,
    "count": 0,
    "updated": 1512281735
  }
]