[
  {
    "id": "d4e86220-8d83-4072-b50c-2a02f9f69e0c",
    "data": [
      {
        "text": "what\u0027s your age?",
        "userDefined": false
      }
    ],
    "isTemplate": false,
    "count": 0
  },
  {
    "id": "841bb00f-29e5-4f92-92fb-34e6a2cb9b9b",
    "data": [
      {
        "text": "How old is Elbert?",
        "userDefined": false
      }
    ],
    "isTemplate": false,
    "count": 0
  },
  {
    "id": "c6877386-d041-4154-ba98-bd4252bd7b5a",
    "data": [
      {
        "text": "what is your age?",
        "userDefined": false
      }
    ],
    "isTemplate": false,
    "count": 0
  },
  {
    "id": "866c4bab-628d-4c10-abdb-b1f191f879c1",
    "data": [
      {
        "text": "how old are you?",
        "meta": "@sys.ignore",
        "userDefined": false
      }
    ],
    "isTemplate": false,
    "count": 0,
    "updated": 0
  }
]