[
  {
    "id": "dc9feec1-71d8-4f21-b8ee-e10df846eca0",
    "data": [
      {
        "text": "farm",
        "userDefined": false
      }
    ],
    "isTemplate": false,
    "count": 0,
    "updated": 0
  },
  {
    "id": "e2fd80db-0620-4849-b5a9-cd96b255b44e",
    "data": [
      {
        "text": "tell me more",
        "userDefined": false
      }
    ],
    "isTemplate": false,
    "count": 0,
    "updated": 1511722044
  },
  {
    "id": "771f8029-02ce-460d-9073-b3daad54c521",
    "data": [
      {
        "text": "more",
        "userDefined": false
      }
    ],
    "isTemplate": false,
    "count": 0,
    "updated": 1511722044
  }
]