[
  {
    "id": "95c052cf-dd5a-4fa0-8062-be7602bcff69",
    "data": [
      {
        "text": "where do you live?",
        "userDefined": false
      }
    ],
    "isTemplate": false,
    "count": 0,
    "updated": 0
  },
  {
    "id": "7434dba2-3e84-4cee-844e-fd701c161701",
    "data": [
      {
        "text": "where is the show",
        "userDefined": false
      }
    ],
    "isTemplate": false,
    "count": 0,
    "updated": 0
  },
  {
    "id": "6f107329-287c-4daf-b61d-e1254da65654",
    "data": [
      {
        "text": "What is the address of the show",
        "userDefined": false
      }
    ],
    "isTemplate": false,
    "count": 0
  },
  {
    "id": "50960892-11d6-4091-a726-7668522ed1d1",
    "data": [
      {
        "text": "What is the address of Deanna Rose Children\u0027s Farmstead?",
        "userDefined": false
      }
    ],
    "isTemplate": false,
    "count": 0
  },
  {
    "id": "6e1fbbde-b2b3-4a73-9150-a03a423b2dc6",
    "data": [
      {
        "text": "Where is the Holiday Light show?",
        "userDefined": false
      }
    ],
    "isTemplate": false,
    "count": 0
  },
  {
    "id": "5f73cace-8041-4d07-be7b-305c683f8b01",
    "data": [
      {
        "text": "where is Deanna ",
        "userDefined": false
      },
      {
        "text": "Rose",
        "meta": "@sys.ignore",
        "userDefined": false
      },
      {
        "text": " Children\u0027s Farmstead?",
        "userDefined": false
      }
    ],
    "isTemplate": false,
    "count": 0
  },
  {
    "id": "dbffb351-6df2-4f53-b273-5b300bc8def8",
    "data": [
      {
        "text": "what is the address of the show?",
        "userDefined": false
      }
    ],
    "isTemplate": false,
    "count": 0
  },
  {
    "id": "73cba674-f280-40bf-b04b-00b94b0aa2c6",
    "data": [
      {
        "text": "Where is the Farmstead?",
        "userDefined": false
      }
    ],
    "isTemplate": false,
    "count": 0
  },
  {
    "id": "966e57b0-dbae-4bda-8c8a-c68827576876",
    "data": [
      {
        "text": "What is the address of the Farmstead?",
        "userDefined": false
      }
    ],
    "isTemplate": false,
    "count": 0
  },
  {
    "id": "52f305f2-4765-4d78-8fb7-0f85dc62d3ab",
    "data": [
      {
        "text": "Where is the show",
        "userDefined": false
      }
    ],
    "isTemplate": false,
    "count": 0,
    "updated": 1512683258
  }
]