[
  {
    "id": "2ee0d77e-98dc-4ab6-8911-8ffe6106beae",
    "data": [
      {
        "text": "Are there restrooms?",
        "userDefined": false
      }
    ],
    "isTemplate": false,
    "count": 0
  },
  {
    "id": "b543751d-07f4-43fa-bbb7-b3989329ddf8",
    "data": [
      {
        "text": "Where is the restroom?",
        "userDefined": false
      }
    ],
    "isTemplate": false,
    "count": 0
  },
  {
    "id": "ee862173-ee7d-4492-b019-bf8c05394f85",
    "data": [
      {
        "text": "Is there a restroom?",
        "userDefined": false
      }
    ],
    "isTemplate": false,
    "count": 0
  },
  {
    "id": "f0595e43-e0e0-4c55-a555-9aa343bb7cd2",
    "data": [
      {
        "text": "Where is a bathroom?",
        "userDefined": false
      }
    ],
    "isTemplate": false,
    "count": 1,
    "updated": 1512167613
  },
  {
    "id": "d346fd9e-5e85-48ce-991f-5866363e19a6",
    "data": [
      {
        "text": "Where is the bathroom?",
        "userDefined": false
      }
    ],
    "isTemplate": false,
    "count": 0,
    "updated": 1512167613
  }
]