[
  {
    "id": "860cd034-60f3-4fe4-9042-ca5bb0367b00",
    "data": [
      {
        "text": "know any good jokes?",
        "userDefined": false
      }
    ],
    "isTemplate": false,
    "count": 0
  },
  {
    "id": "6be91d7f-9747-467f-b228-6e0880613720",
    "data": [
      {
        "text": "do you know any jokes?",
        "userDefined": false
      }
    ],
    "isTemplate": false,
    "count": 0,
    "updated": 1514050947
  },
  {
    "id": "5df4fd14-9009-40d5-8dae-3f310fb3c0fe",
    "data": [
      {
        "text": "tell me a joke",
        "userDefined": false
      }
    ],
    "isTemplate": false,
    "count": 0,
    "updated": 1514050947
  }
]