[
  {
    "id": "45fc12b5-4a59-4c78-88a7-1503ad951123",
    "data": [
      {
        "text": "How do I listen to the music?",
        "userDefined": false
      }
    ],
    "isTemplate": false,
    "count": 0,
    "updated": 1512166298
  },
  {
    "id": "de1ff725-3363-464d-aa68-853359ba4948",
    "data": [
      {
        "text": "Is there music with the show?",
        "userDefined": false
      }
    ],
    "isTemplate": false,
    "count": 0,
    "updated": 1512166298
  },
  {
    "id": "834d9bb9-9b6b-4404-8a2a-eecf03679879",
    "data": [
      {
        "text": "How do we listen to the show?",
        "userDefined": false
      }
    ],
    "isTemplate": false,
    "count": 0,
    "updated": 1512166298
  },
  {
    "id": "3ac4dcaf-89b4-4598-ad8a-5847b42b83a3",
    "data": [
      {
        "text": "How do I get the music?",
        "userDefined": false
      }
    ],
    "isTemplate": false,
    "count": 0,
    "updated": 1512166298
  },
  {
    "id": "46064ee7-563b-4a96-8974-fa0fa1cd97a6",
    "data": [
      {
        "text": "What is the radio station?",
        "userDefined": false
      }
    ],
    "isTemplate": false,
    "count": 0,
    "updated": 1512166298
  }
]