[
  {
    "id": "6f501daf-6f2a-4718-89f8-0b5c8250d76d",
    "data": [
      {
        "text": "Holiday Lights",
        "userDefined": false
      }
    ],
    "isTemplate": false,
    "count": 0
  },
  {
    "id": "e1acc4f6-49bb-4e8e-97e2-109c9644987b",
    "data": [
      {
        "text": "Tell more about Farmstead Lights",
        "userDefined": false
      }
    ],
    "isTemplate": false,
    "count": 0
  },
  {
    "id": "68ae78a5-c2ee-47be-ae3b-03dbe95ed3a5",
    "data": [
      {
        "text": "farmstead lights",
        "userDefined": false
      }
    ],
    "isTemplate": false,
    "count": 0
  },
  {
    "id": "67a7eae4-5516-41d6-b148-62273602b236",
    "data": [
      {
        "text": "tell me about farmstead light show",
        "userDefined": false
      }
    ],
    "isTemplate": false,
    "count": 0
  },
  {
    "id": "467c6ce5-8e8e-43d1-b458-c2a0fe8529e1",
    "data": [
      {
        "text": "tell me about the farmstead lights?",
        "userDefined": false
      }
    ],
    "isTemplate": false,
    "count": 0
  },
  {
    "id": "c6873462-d9fd-4438-beaf-d62cac95b53e",
    "data": [
      {
        "text": "tell me about the this light show?",
        "userDefined": false
      }
    ],
    "isTemplate": false,
    "count": 0
  },
  {
    "id": "dbacf4e7-b735-4bbf-9153-58d469743c48",
    "data": [
      {
        "text": "Holiday light show",
        "userDefined": false
      }
    ],
    "isTemplate": false,
    "count": 0,
    "updated": 0
  },
  {
    "id": "7cda51b1-0d18-4c04-b9ec-726ab0d97bb8",
    "data": [
      {
        "text": "Tell me more about the light show",
        "userDefined": false
      }
    ],
    "isTemplate": false,
    "count": 0,
    "updated": 0
  }
]