[
  {
    "id": "2f1b0950-7bd0-4b27-9913-8a85aa3cbdf0",
    "data": [
      {
        "text": "What sound does the rooster make?",
        "userDefined": false
      }
    ],
    "isTemplate": false,
    "count": 0,
    "updated": 1512170873
  },
  {
    "id": "f5525830-4f5e-45c2-bf05-2eb8d10e67fe",
    "data": [
      {
        "text": "What does the rooster say?",
        "userDefined": false
      }
    ],
    "isTemplate": false,
    "count": 0,
    "updated": 1512170873
  },
  {
    "id": "ed4957f1-5760-48bb-8cef-846a3218e9e0",
    "data": [
      {
        "text": "What does the chicken say?",
        "userDefined": false
      }
    ],
    "isTemplate": false,
    "count": 0,
    "updated": 1512170873
  },
  {
    "id": "22b0e45c-6657-4beb-93ff-eacaa1b9aa2c",
    "data": [
      {
        "text": "What sound does a chicken make?",
        "userDefined": false
      }
    ],
    "isTemplate": false,
    "count": 0,
    "updated": 1512170873
  },
  {
    "id": "5cf70969-289e-4ce2-8121-d17eb8d886b3",
    "data": [
      {
        "text": "What does a chicken say?",
        "userDefined": false
      }
    ],
    "isTemplate": false,
    "count": 0,
    "updated": 1512170873
  }
]