[
  {
    "id": "742265f2-f596-4459-ba3f-be3bbc22696f",
    "data": [
      {
        "text": "songs?",
        "userDefined": false
      }
    ],
    "isTemplate": false,
    "count": 0
  },
  {
    "id": "fc733624-2b3b-4cca-8bc1-d696bd438ca3",
    "data": [
      {
        "text": "What songs?",
        "userDefined": false
      }
    ],
    "isTemplate": false,
    "count": 0
  },
  {
    "id": "69ebaa4d-3fda-4585-9c46-9110ba057ee8",
    "data": [
      {
        "text": "How many songs?",
        "userDefined": false
      }
    ],
    "isTemplate": false,
    "count": 0
  },
  {
    "id": "40478e0c-c7eb-4ecd-92ad-33a740822a76",
    "data": [
      {
        "text": "What is this song?",
        "userDefined": false
      }
    ],
    "isTemplate": false,
    "count": 0
  },
  {
    "id": "64413fc5-43f0-49c8-a019-eccf02a45e2f",
    "data": [
      {
        "text": "What song is playing?",
        "userDefined": false
      }
    ],
    "isTemplate": false,
    "count": 0
  },
  {
    "id": "68b1e3cd-976f-4f6c-bac3-125729f1e83b",
    "data": [
      {
        "text": "What are the songs?",
        "userDefined": false
      }
    ],
    "isTemplate": false,
    "count": 0
  },
  {
    "id": "9db72029-b14d-4342-b1b4-ee4be03b0d08",
    "data": [
      {
        "text": "What is the show song list?",
        "userDefined": false
      }
    ],
    "isTemplate": false,
    "count": 0
  },
  {
    "id": "1d1fde91-f5b9-406f-82b3-37a5035da523",
    "data": [
      {
        "text": "What is the show play list?",
        "userDefined": false
      }
    ],
    "isTemplate": false,
    "count": 0
  },
  {
    "id": "a09c2029-600e-4d67-9dae-79f2d62e6c11",
    "data": [
      {
        "text": "How many songs are in the show?",
        "userDefined": false
      }
    ],
    "isTemplate": false,
    "count": 0
  },
  {
    "id": "0879c764-1b9a-4f06-9042-3a9c40859ea5",
    "data": [
      {
        "text": "song list",
        "userDefined": false
      }
    ],
    "isTemplate": false,
    "count": 0
  },
  {
    "id": "3c57b36d-f956-4654-af43-554c6ef5a792",
    "data": [
      {
        "text": "What songs are in the show?",
        "userDefined": false
      }
    ],
    "isTemplate": false,
    "count": 0
  },
  {
    "id": "beee07fb-f6d1-4223-bbd8-9d5b4888af65",
    "data": [
      {
        "text": "How many songs are played?",
        "userDefined": false
      }
    ],
    "isTemplate": false,
    "count": 0,
    "updated": 0
  }
]