[
  {
    "id": "bbf94d9c-18ea-4bb0-b2df-1925d50fbe8d",
    "data": [
      {
        "text": "what is the name of the chicken on the roof?",
        "userDefined": false
      }
    ],
    "isTemplate": false,
    "count": 0
  },
  {
    "id": "28d9e5d6-c847-4c8c-a012-d83ff97ce23d",
    "data": [
      {
        "text": "what is the name of the chicken?",
        "userDefined": false
      }
    ],
    "isTemplate": false,
    "count": 0
  },
  {
    "id": "a7d6b80a-cf28-4254-aad4-97a83b9d90a5",
    "data": [
      {
        "text": "What is the chicken\u0027s name?",
        "userDefined": false
      }
    ],
    "isTemplate": false,
    "count": 0
  },
  {
    "id": "0294b79d-2211-4597-a22f-bb124b00a926",
    "data": [
      {
        "text": "What is the name of the rooster on the roof?",
        "userDefined": false
      }
    ],
    "isTemplate": false,
    "count": 0,
    "updated": 1512171476
  },
  {
    "id": "3dc7c110-92f3-4c46-94a8-261aa0354808",
    "data": [
      {
        "text": "what is the name of the rooster?",
        "userDefined": false
      }
    ],
    "isTemplate": false,
    "count": 0,
    "updated": 1512171476
  },
  {
    "id": "385f8483-b252-4c13-8580-6d1063a943a2",
    "data": [
      {
        "text": "what is the rooster\u0027s name?",
        "userDefined": false
      }
    ],
    "isTemplate": false,
    "count": 0,
    "updated": 1512171476
  }
]