[
  {
    "id": "b0292923-9db7-4024-b487-51089633831b",
    "data": [
      {
        "text": "What sound does the rooster make?",
        "userDefined": false
      }
    ],
    "isTemplate": false,
    "count": 0,
    "updated": 1512170873
  },
  {
    "id": "d7dcba67-e6b1-4733-910e-b322f113d714",
    "data": [
      {
        "text": "What does the rooster say?",
        "userDefined": false
      }
    ],
    "isTemplate": false,
    "count": 0,
    "updated": 1512170873
  },
  {
    "id": "d576f8f8-e29a-4b63-8cdb-cdd471adca09",
    "data": [
      {
        "text": "What does the chicken say?",
        "userDefined": false
      }
    ],
    "isTemplate": false,
    "count": 0,
    "updated": 1512170873
  },
  {
    "id": "ab598179-63a8-45d1-8e57-4181901e5f68",
    "data": [
      {
        "text": "What sound does a chicken make?",
        "userDefined": false
      }
    ],
    "isTemplate": false,
    "count": 0,
    "updated": 1512170873
  },
  {
    "id": "c76fb76e-293b-4550-8f19-7ded56f428c6",
    "data": [
      {
        "text": "What does a chicken say?",
        "userDefined": false
      }
    ],
    "isTemplate": false,
    "count": 0,
    "updated": 1512170873
  }
]