[
  {
    "id": "e6bf1d9b-d680-4f3d-8844-5602a72d71d6",
    "data": [
      {
        "text": "How long does it take to setup the lights?",
        "userDefined": false
      }
    ],
    "isTemplate": false,
    "count": 0
  },
  {
    "id": "5ca8ec36-5661-4052-92d9-7e925f378677",
    "data": [
      {
        "text": "How long does it take to setup the show?",
        "userDefined": false
      }
    ],
    "isTemplate": false,
    "count": 0
  },
  {
    "id": "75125245-f4f0-46d8-a7fa-292b00539d1e",
    "data": [
      {
        "text": "computer program",
        "userDefined": false
      }
    ],
    "isTemplate": false,
    "count": 0
  },
  {
    "id": "820c351e-55b5-49ae-8c7d-43ec52978953",
    "data": [
      {
        "text": "How much work to program songs",
        "userDefined": false
      }
    ],
    "isTemplate": false,
    "count": 0
  },
  {
    "id": "9d08d06f-b782-4f55-bf37-fcaa19661115",
    "data": [
      {
        "text": "How long did it take to program this?",
        "userDefined": false
      }
    ],
    "isTemplate": false,
    "count": 0,
    "updated": 1512671292
  }
]