[
  {
    "id": "ba886f0c-b2d6-4fe0-8578-c7581062653d",
    "data": [
      {
        "text": "oink",
        "userDefined": false
      }
    ],
    "isTemplate": false,
    "count": 0,
    "updated": 0
  },
  {
    "id": "88169ff3-c092-4e10-bea5-7227bac76d62",
    "data": [
      {
        "text": "what sound does the hog make?",
        "userDefined": false
      }
    ],
    "isTemplate": false,
    "count": 0,
    "updated": 1512170971
  },
  {
    "id": "191e3ab6-6bf9-4ec2-8051-0635f6a538df",
    "data": [
      {
        "text": "what sound does the pig make?",
        "userDefined": false
      }
    ],
    "isTemplate": false,
    "count": 0,
    "updated": 1512170971
  },
  {
    "id": "f3a27073-d583-4d7c-abf6-d516dffe8f1e",
    "data": [
      {
        "text": "what does the hog say?",
        "userDefined": false
      }
    ],
    "isTemplate": false,
    "count": 0,
    "updated": 1512170971
  },
  {
    "id": "fe4a60b5-632c-4fb5-9de4-72a59a6ef313",
    "data": [
      {
        "text": "What does the pig say?",
        "userDefined": false
      }
    ],
    "isTemplate": false,
    "count": 0,
    "updated": 1512170971
  }
]