[
  {
    "id": "3b0181e1-2427-49c5-bc3a-18763d7a294d",
    "data": [
      {
        "text": "colors",
        "userDefined": false
      }
    ],
    "isTemplate": false,
    "count": 0,
    "updated": 1512514189
  },
  {
    "id": "ebd3012a-ff28-4ccc-bf6f-ac616d02159d",
    "data": [
      {
        "text": "what colors can I use?",
        "userDefined": false
      }
    ],
    "isTemplate": false,
    "count": 0,
    "updated": 1512514189
  },
  {
    "id": "0c94a05f-d3a9-4705-bc53-e74ffead37c5",
    "data": [
      {
        "text": "What colors do you know?",
        "userDefined": false
      }
    ],
    "isTemplate": false,
    "count": 0,
    "updated": 1512514189
  }
]