[
  {
    "id": "531e517b-344d-4a5d-8dcd-7fd2d903f9c2",
    "data": [
      {
        "text": "What is the name of the pig on the roof?",
        "userDefined": false
      }
    ],
    "isTemplate": false,
    "count": 0,
    "updated": 1512171205
  },
  {
    "id": "a14bbd62-618b-4de1-bc1a-b7ad5e495e98",
    "data": [
      {
        "text": "what is the name of the pig?",
        "userDefined": false
      }
    ],
    "isTemplate": false,
    "count": 0,
    "updated": 1512171205
  },
  {
    "id": "7d66e433-b8df-463e-bad5-2e2adcbf1c6a",
    "data": [
      {
        "text": "What is the pig\u0027s name?",
        "userDefined": false
      }
    ],
    "isTemplate": false,
    "count": 0,
    "updated": 1512171205
  }
]