[
  {
    "id": "516df833-7c2b-48a8-b821-c41242a5ea2e",
    "data": [
      {
        "text": "who made this?",
        "userDefined": false
      }
    ],
    "isTemplate": false,
    "count": 0,
    "updated": 1512171695
  },
  {
    "id": "6d366afc-264e-4e62-9d9b-ed407a4b22da",
    "data": [
      {
        "text": "who made this show?",
        "userDefined": false
      }
    ],
    "isTemplate": false,
    "count": 0,
    "updated": 1512171695
  },
  {
    "id": "0039f546-8494-4d92-8d8f-22b277ed97dd",
    "data": [
      {
        "text": "who create the Holiday Light show?",
        "userDefined": false
      }
    ],
    "isTemplate": false,
    "count": 0,
    "updated": 1512171695
  },
  {
    "id": "4c800149-e15a-4571-99d7-db89149bc345",
    "data": [
      {
        "text": "who created this show?",
        "userDefined": false
      }
    ],
    "isTemplate": false,
    "count": 0,
    "updated": 1512171695
  }
]