[
  {
    "id": "3bd894fc-a710-4f20-961b-e1bd7b3c35c2",
    "data": [
      {
        "text": "How many animals do you have?",
        "userDefined": false
      }
    ],
    "isTemplate": false,
    "count": 0
  },
  {
    "id": "8461e49e-b8e1-4767-b19e-677ff1ff3037",
    "data": [
      {
        "text": "How many animals are at the Farmstead?",
        "userDefined": false
      }
    ],
    "isTemplate": false,
    "count": 0
  },
  {
    "id": "f0571947-9661-4124-a5e3-5fceb03abd41",
    "data": [
      {
        "text": "How many animals live at the Farmstead?",
        "userDefined": false
      }
    ],
    "isTemplate": false,
    "count": 0,
    "updated": 1512170494
  }
]