[
  {
    "id": "70ebce9a-cd9c-4e2f-a392-62731ea84b39",
    "data": [
      {
        "text": "Animals",
        "userDefined": false
      }
    ],
    "isTemplate": false,
    "count": 0
  },
  {
    "id": "a4c67a94-71fd-4a07-8e71-439e34b6582a",
    "data": [
      {
        "text": "Tell me about the animals",
        "userDefined": false
      }
    ],
    "isTemplate": false,
    "count": 0
  },
  {
    "id": "f7eac13e-f768-4eb1-8d06-b202e4e8fcb6",
    "data": [
      {
        "text": "tell me something about animals",
        "userDefined": false
      }
    ],
    "isTemplate": false,
    "count": 0
  },
  {
    "id": "b9e72f9a-bab3-49bc-86d9-bf7159c3403b",
    "data": [
      {
        "text": "Animal facts",
        "userDefined": false
      }
    ],
    "isTemplate": false,
    "count": 0
  }
]