[
  {
    "id": "54262ff8-8739-47d5-b9df-66b1bc786586",
    "data": [
      {
        "text": "What is the Jolt Lighting phone number?",
        "userDefined": false
      }
    ],
    "isTemplate": false,
    "count": 0
  },
  {
    "id": "1e9829d7-9ec3-4141-a3ac-59370b8edbe3",
    "data": [
      {
        "text": "What is the Jolt web site?",
        "userDefined": false
      }
    ],
    "isTemplate": false,
    "count": 1
  },
  {
    "id": "1265d4fa-f153-48f4-9da2-27aebfd89e47",
    "data": [
      {
        "text": "Jolt\u0027s web site",
        "userDefined": false
      }
    ],
    "isTemplate": false,
    "count": 0
  },
  {
    "id": "c3e90190-4a8e-409e-9672-c6d0426c6dc9",
    "data": [
      {
        "text": "Jolt\u0027s phone number",
        "userDefined": false
      }
    ],
    "isTemplate": false,
    "count": 0
  },
  {
    "id": "3e365ab8-13c3-4bfc-9475-986dd142df3b",
    "data": [
      {
        "text": "What is the Jolt phone number?",
        "userDefined": false
      }
    ],
    "isTemplate": false,
    "count": 0
  },
  {
    "id": "db9f037c-ac9c-43d9-8f54-d32a95cbaf0c",
    "data": [
      {
        "text": "What is Jolt\u0027s web site?",
        "userDefined": false
      }
    ],
    "isTemplate": false,
    "count": 0
  },
  {
    "id": "c41520fa-31f8-4fd9-8715-9d63385cd2a7",
    "data": [
      {
        "text": "What is Jolt Lighting\u0027s web site?",
        "userDefined": false
      }
    ],
    "isTemplate": false,
    "count": 0
  },
  {
    "id": "19fd5228-e9da-459e-b252-3ba74493be52",
    "data": [
      {
        "text": "What is Jolt Lighting\u0027s phone number?",
        "userDefined": false
      }
    ],
    "isTemplate": false,
    "count": 0
  },
  {
    "id": "6b7022c1-076d-45af-85be-b4c507c5765e",
    "data": [
      {
        "text": "What is the Jolt\u0027s phone number?",
        "userDefined": false
      }
    ],
    "isTemplate": false,
    "count": 0
  },
  {
    "id": "e022e832-5eb5-4b7d-a0ad-1ec55948e60f",
    "data": [
      {
        "text": "Jolt Lighting",
        "userDefined": false
      }
    ],
    "isTemplate": false,
    "count": 0,
    "updated": 0
  },
  {
    "id": "d581e1f7-bb07-466e-8559-9ecf1fa2bba8",
    "data": [
      {
        "text": "What is Jolt Lighting?",
        "userDefined": false
      }
    ],
    "isTemplate": false,
    "count": 0,
    "updated": 0
  },
  {
    "id": "f3cce1eb-7a17-4179-9b20-b075459b9028",
    "data": [
      {
        "text": "Tell me about Jolt Lighting?",
        "userDefined": false
      }
    ],
    "isTemplate": false,
    "count": 0,
    "updated": 0
  },
  {
    "id": "267c26e7-7eba-4bd3-b9cd-c3d23c964f27",
    "data": [
      {
        "text": "Jolt",
        "userDefined": false
      }
    ],
    "isTemplate": false,
    "count": 0,
    "updated": 0
  }
]