[
  {
    "id": "b60e6879-8669-40a6-a90a-842ff576062d",
    "data": [
      {
        "text": "what are things to ask?",
        "userDefined": false
      }
    ],
    "isTemplate": false,
    "count": 0
  },
  {
    "id": "f6a84f8b-7f7c-4a0a-9734-ac5220d70ef7",
    "data": [
      {
        "text": "What are cool things to ask",
        "userDefined": false
      }
    ],
    "isTemplate": false,
    "count": 0
  },
  {
    "id": "b19f9a57-cb22-43f4-9220-91e0940bd5bb",
    "data": [
      {
        "text": "help me please?",
        "userDefined": false
      }
    ],
    "isTemplate": false,
    "count": 0,
    "updated": 0
  },
  {
    "id": "560aa918-c6a5-463c-8ddb-d2d685668b72",
    "data": [
      {
        "text": "help?",
        "userDefined": false
      }
    ],
    "isTemplate": false,
    "count": 0,
    "updated": 0
  },
  {
    "id": "0a63631c-3e8b-4ddd-ae5f-6c45b0b01f91",
    "data": [
      {
        "text": "what can I do?",
        "userDefined": false
      }
    ],
    "isTemplate": false,
    "count": 0,
    "updated": 0
  },
  {
    "id": "a660afa3-627a-42d2-9262-09693145fe2b",
    "data": [
      {
        "text": "What can you do?",
        "userDefined": false
      }
    ],
    "isTemplate": false,
    "count": 0,
    "updated": 0
  }
]