[
  {
    "id": "87184e48-3dc3-4ae2-918c-5b524998845c",
    "data": [
      {
        "text": "this is lame",
        "userDefined": false
      }
    ],
    "isTemplate": false,
    "count": 0,
    "updated": 0
  },
  {
    "id": "3701f9fc-51f6-4997-b8c8-3b0ec2929ee8",
    "data": [
      {
        "text": "Please help me?",
        "userDefined": false
      }
    ],
    "isTemplate": false,
    "count": 0
  },
  {
    "id": "74832df7-7e9d-49b5-b799-ea1670353393",
    "data": [
      {
        "text": " Can you help me?",
        "userDefined": false
      }
    ],
    "isTemplate": false,
    "count": 0
  },
  {
    "id": "4157caaa-5473-454f-8ad5-5a7446348f99",
    "data": [
      {
        "text": "more help",
        "userDefined": false
      }
    ],
    "isTemplate": false,
    "count": 0
  },
  {
    "id": "6560f2a5-ad8d-413f-a78b-0f976d9f4cfd",
    "data": [
      {
        "text": "go",
        "userDefined": false
      }
    ],
    "isTemplate": false,
    "count": 0,
    "updated": 0
  },
  {
    "id": "fe386dd3-993a-4091-8704-88e1448a35ab",
    "data": [
      {
        "text": "Sup?",
        "userDefined": false
      }
    ],
    "isTemplate": false,
    "count": 0
  },
  {
    "id": "a456f084-24a6-4c72-8628-4e1e90da74e8",
    "data": [
      {
        "text": "Commands",
        "userDefined": false
      }
    ],
    "isTemplate": false,
    "count": 0,
    "updated": 0
  },
  {
    "id": "fe17b03f-6862-4134-96b3-2bd5eaa0513e",
    "data": [
      {
        "text": "List",
        "userDefined": false
      }
    ],
    "isTemplate": false,
    "count": 0,
    "updated": 0
  },
  {
    "id": "6e2c1f7c-b80a-4d0f-868e-157406051a62",
    "data": [
      {
        "text": "Options",
        "userDefined": false
      }
    ],
    "isTemplate": false,
    "count": 0,
    "updated": 0
  },
  {
    "id": "4438179d-27db-4f5f-94f9-def615285c92",
    "data": [
      {
        "text": "What do I do?",
        "userDefined": false
      }
    ],
    "isTemplate": false,
    "count": 0,
    "updated": 0
  },
  {
    "id": "8e5ee69d-edfc-44fa-9b22-f3e06e08efaa",
    "data": [
      {
        "text": "Empty response",
        "userDefined": false
      }
    ],
    "isTemplate": false,
    "count": 0,
    "updated": 0
  },
  {
    "id": "771efe79-2f4b-464b-a2dd-dd66726a13f6",
    "data": [
      {
        "text": "How does it work?",
        "userDefined": false
      }
    ],
    "isTemplate": false,
    "count": 0,
    "updated": 0
  },
  {
    "id": "5988f31e-af1c-4a39-aeed-4b3b136de311",
    "data": [
      {
        "text": "?",
        "userDefined": false
      }
    ],
    "isTemplate": false,
    "count": 0,
    "updated": 0
  },
  {
    "id": "f88c7535-6be9-4b94-ba50-72f94dab779b",
    "data": [
      {
        "text": "what is this",
        "userDefined": false
      }
    ],
    "isTemplate": false,
    "count": 0
  },
  {
    "id": "26daf007-2a9a-46ca-a1d5-9a215293c73e",
    "data": [
      {
        "text": "how do I",
        "userDefined": false
      }
    ],
    "isTemplate": false,
    "count": 0
  },
  {
    "id": "81c2273a-c402-4df5-8d5f-ae67bd649417",
    "data": [
      {
        "text": "what are things to ask?",
        "userDefined": false
      }
    ],
    "isTemplate": false,
    "count": 0
  },
  {
    "id": "02a47fd7-2ad5-4b30-bcff-a5409eeadd4f",
    "data": [
      {
        "text": "What are cool things to ask",
        "userDefined": false
      }
    ],
    "isTemplate": false,
    "count": 0
  },
  {
    "id": "64b3044a-b41a-406b-92ef-8076cc380ffd",
    "data": [
      {
        "text": "help me please?",
        "userDefined": false
      }
    ],
    "isTemplate": false,
    "count": 0,
    "updated": 0
  },
  {
    "id": "8d562d2e-c37f-44cf-a620-f21550728c29",
    "data": [
      {
        "text": "help?",
        "userDefined": false
      }
    ],
    "isTemplate": false,
    "count": 0,
    "updated": 0
  },
  {
    "id": "cf3afb8a-de9c-418d-97b9-0cfecf7e5ea8",
    "data": [
      {
        "text": "what can I do?",
        "userDefined": false
      }
    ],
    "isTemplate": false,
    "count": 0,
    "updated": 0
  },
  {
    "id": "541728e9-f611-4898-9859-242e8a7e64e4",
    "data": [
      {
        "text": "What can you do?",
        "userDefined": false
      }
    ],
    "isTemplate": false,
    "count": 0,
    "updated": 0
  }
]