[
  {
    "id": "762cde7b-ec27-4e89-a712-60c033683d85",
    "data": [
      {
        "text": "elves",
        "userDefined": false
      }
    ],
    "isTemplate": false,
    "count": 0
  },
  {
    "id": "298c0de6-e37d-41fc-970d-380afcbc802f",
    "data": [
      {
        "text": "get elf name",
        "userDefined": false
      }
    ],
    "isTemplate": false,
    "count": 0
  },
  {
    "id": "ad865e9a-4703-4449-80be-d2531be81181",
    "data": [
      {
        "text": "get elf names",
        "userDefined": false
      }
    ],
    "isTemplate": false,
    "count": 0
  },
  {
    "id": "a496f1f1-69c9-410e-87d9-ce1538f1b940",
    "data": [
      {
        "text": "Do the elves have names?",
        "userDefined": false
      }
    ],
    "isTemplate": false,
    "count": 0,
    "updated": 1513902026
  },
  {
    "id": "0072da7c-73c5-4023-9594-112069208aff",
    "data": [
      {
        "text": "Who are the elves?",
        "userDefined": false
      }
    ],
    "isTemplate": false,
    "count": 0,
    "updated": 1513902026
  },
  {
    "id": "ab0a4811-07e3-4523-b552-74e07896f012",
    "data": [
      {
        "text": "What are the names of the elves?",
        "userDefined": false
      }
    ],
    "isTemplate": false,
    "count": 0,
    "updated": 1513902026
  },
  {
    "id": "0016dc4b-e74e-40b2-884b-1692dfe60249",
    "data": [
      {
        "text": "What are the elf names?",
        "userDefined": false
      }
    ],
    "isTemplate": false,
    "count": 0,
    "updated": 1513902026
  },
  {
    "id": "389a5225-560c-41b3-b6fa-d07229fdff5b",
    "data": [
      {
        "text": "get elves names",
        "userDefined": false
      }
    ],
    "isTemplate": false,
    "count": 0,
    "updated": 1513902026
  }
]