[
  {
    "id": "8baa0359-fcb6-465e-b897-e71a9a0e2ce6",
    "data": [
      {
        "text": "Do the animals stay at the farmstead ",
        "userDefined": false
      },
      {
        "text": "during the winter",
        "alias": "date-period",
        "meta": "@sys.date-period",
        "userDefined": false
      },
      {
        "text": "?",
        "userDefined": false
      }
    ],
    "isTemplate": false,
    "count": 0
  },
  {
    "id": "58ec7d21-927c-4fd3-aacc-adc5a39b4c6c",
    "data": [
      {
        "text": "Where do the animals live in the winter?",
        "userDefined": false
      }
    ],
    "isTemplate": false,
    "count": 0,
    "updated": 0
  }
]