[
  {
    "id": "f526cf5a-4f7a-4cc4-8ede-4dd53689f7d6",
    "data": [
      {
        "text": "What is Elbert\u0027s birthday?",
        "userDefined": false
      }
    ],
    "isTemplate": false,
    "count": 0,
    "updated": 1513121771
  },
  {
    "id": "73f224dd-c194-41dc-9f1a-d2c024013c11",
    "data": [
      {
        "text": "When is Elbert\u0027s birthday?",
        "userDefined": false
      }
    ],
    "isTemplate": false,
    "count": 0,
    "updated": 1513121771
  },
  {
    "id": "89d9ee56-b803-4b6d-aa53-50e3363c9b7e",
    "data": [
      {
        "text": "What is your birthday?",
        "userDefined": false
      }
    ],
    "isTemplate": false,
    "count": 0,
    "updated": 1513121771
  },
  {
    "id": "98c04a2e-bc22-4974-ad92-4f2d624b30bd",
    "data": [
      {
        "text": "When is your birthday?",
        "userDefined": false
      }
    ],
    "isTemplate": false,
    "count": 0,
    "updated": 1513121771
  },
  {
    "id": "de6c0b99-c53f-4d10-a299-d9d39b8b82bb",
    "data": [
      {
        "text": "When\u0027s your birthday?",
        "userDefined": false
      }
    ],
    "isTemplate": false,
    "count": 0,
    "updated": 1513121771
  }
]