[
  {
    "id": "6e9dc656-5dca-4a58-9246-73252197e990",
    "data": [
      {
        "text": "🌈 ",
        "userDefined": false
      }
    ],
    "isTemplate": false,
    "count": 0,
    "updated": 0
  },
  {
    "id": "a0c8da37-23f3-413c-9085-5593a5ae991a",
    "data": [
      {
        "text": "make trees every color",
        "userDefined": false
      }
    ],
    "isTemplate": false,
    "count": 0,
    "updated": 0
  },
  {
    "id": "8e09aab3-4b6c-4446-abdc-85fccc631330",
    "data": [
      {
        "text": "make all trees different colors",
        "userDefined": false
      }
    ],
    "isTemplate": false,
    "count": 0,
    "updated": 0
  },
  {
    "id": "96b79ab8-6516-44ec-9c42-181c909039db",
    "data": [
      {
        "text": "different colors",
        "userDefined": false
      }
    ],
    "isTemplate": false,
    "count": 0
  },
  {
    "id": "0e29aece-d707-4b99-bdfe-a196309adc79",
    "data": [
      {
        "text": "change trees to all different colors",
        "userDefined": false
      }
    ],
    "isTemplate": false,
    "count": 0,
    "updated": 1512659815
  },
  {
    "id": "c473dfed-36f7-42ac-8504-5e38558d1be8",
    "data": [
      {
        "text": "Can you change the colors of the trees to all different colors?",
        "userDefined": false
      }
    ],
    "isTemplate": false,
    "count": 0,
    "updated": 1512659815
  }
]