[
  {
    "id": "2adeec42-c755-4622-9706-85e2f9bbb25d",
    "data": [
      {
        "text": "Christmas lights",
        "userDefined": false
      }
    ],
    "isTemplate": false,
    "count": 0
  },
  {
    "id": "5baf3241-b1fe-4f0e-ac59-a3bd4856c26d",
    "data": [
      {
        "text": "light bulbs",
        "userDefined": false
      }
    ],
    "isTemplate": false,
    "count": 0
  },
  {
    "id": "88730b87-f664-464f-8cb7-70b372052e65",
    "data": [
      {
        "text": "How many lights are on the barn?",
        "userDefined": false
      }
    ],
    "isTemplate": false,
    "count": 0,
    "updated": 1512166001
  },
  {
    "id": "6b5b438d-b979-4af1-a282-27fd968c34c5",
    "data": [
      {
        "text": "How many lights are in the show?",
        "userDefined": false
      }
    ],
    "isTemplate": false,
    "count": 0,
    "updated": 1512166001
  }
]