[
  {
    "id": "504835d0-46ae-4444-8424-aa709c59f638",
    "data": [
      {
        "text": "elves",
        "userDefined": false
      }
    ],
    "isTemplate": false,
    "count": 0
  },
  {
    "id": "b8f6ef35-29f4-45a6-bbef-e0033fcb64d2",
    "data": [
      {
        "text": "get elf name",
        "userDefined": false
      }
    ],
    "isTemplate": false,
    "count": 0
  },
  {
    "id": "dcf91f28-4b3b-42e8-8226-6c5b10b4fa98",
    "data": [
      {
        "text": "get elf names",
        "userDefined": false
      }
    ],
    "isTemplate": false,
    "count": 0
  },
  {
    "id": "f7a4818a-0762-4c7b-8216-c0e9b64c15f5",
    "data": [
      {
        "text": "Do the elves have names?",
        "userDefined": false
      }
    ],
    "isTemplate": false,
    "count": 0,
    "updated": 1513902026
  },
  {
    "id": "a9c1e133-717c-4a97-9143-891b0df78554",
    "data": [
      {
        "text": "Who are the elves?",
        "userDefined": false
      }
    ],
    "isTemplate": false,
    "count": 0,
    "updated": 1513902026
  },
  {
    "id": "bb5fbb3b-8ce5-4444-acd4-7c5b83ab8cad",
    "data": [
      {
        "text": "What are the names of the elves?",
        "userDefined": false
      }
    ],
    "isTemplate": false,
    "count": 0,
    "updated": 1513902026
  },
  {
    "id": "cbc076e5-845e-4c10-9a17-c4068e03b989",
    "data": [
      {
        "text": "What are the elf names?",
        "userDefined": false
      }
    ],
    "isTemplate": false,
    "count": 0,
    "updated": 1513902026
  },
  {
    "id": "f9e4d6f1-76d7-49bd-bce1-6e21207e1e5f",
    "data": [
      {
        "text": "get elves names",
        "userDefined": false
      }
    ],
    "isTemplate": false,
    "count": 0,
    "updated": 1513902026
  }
]