[
  {
    "id": "bc39006c-fbbd-49af-ae78-ed37af5e6b04",
    "data": [
      {
        "text": "Who does this show",
        "userDefined": false
      }
    ],
    "isTemplate": false,
    "count": 0,
    "updated": 0
  },
  {
    "id": "d70c46e6-b2ba-4345-886d-0466ab0541ce",
    "data": [
      {
        "text": "who made this?",
        "userDefined": false
      }
    ],
    "isTemplate": false,
    "count": 0,
    "updated": 1512171695
  },
  {
    "id": "460710ed-daa5-4ced-9480-d8cfa3edd6eb",
    "data": [
      {
        "text": "who made this show?",
        "userDefined": false
      }
    ],
    "isTemplate": false,
    "count": 0,
    "updated": 1512171695
  },
  {
    "id": "6d3dbfc6-5e90-405f-8e96-bc3df29ce59a",
    "data": [
      {
        "text": "who created the Holiday Light show?",
        "userDefined": false
      }
    ],
    "isTemplate": false,
    "count": 0,
    "updated": 1512171695
  },
  {
    "id": "047ccc87-9fa5-4750-a680-2f2f3b4d3b8e",
    "data": [
      {
        "text": "who created this show?",
        "userDefined": false
      }
    ],
    "isTemplate": false,
    "count": 0,
    "updated": 1512171695
  }
]