[
  {
    "id": "f8fcd8b0-feab-4e42-b541-92c61a97a2d9",
    "data": [
      {
        "text": "what sound does the hog make?",
        "userDefined": false
      }
    ],
    "isTemplate": false,
    "count": 0,
    "updated": 1512170971
  },
  {
    "id": "c74adf15-6f5f-4de3-ad2d-e0faea3edd75",
    "data": [
      {
        "text": "what sound does the pig make?",
        "userDefined": false
      }
    ],
    "isTemplate": false,
    "count": 0,
    "updated": 1512170971
  },
  {
    "id": "9f3adfa7-4257-41cd-bd22-434dd36c7e9f",
    "data": [
      {
        "text": "what does the hog say?",
        "userDefined": false
      }
    ],
    "isTemplate": false,
    "count": 0,
    "updated": 1512170971
  },
  {
    "id": "58e58310-a0d9-4bc4-bf43-5ad7fc5d0ede",
    "data": [
      {
        "text": "What does the pig say?",
        "userDefined": false
      }
    ],
    "isTemplate": false,
    "count": 0,
    "updated": 1512170971
  }
]