[
  {
    "id": "770152bf-8a5e-4f1c-9c55-4793c142e67f",
    "data": [
      {
        "text": "who is the lamb",
        "userDefined": false
      }
    ],
    "isTemplate": false,
    "count": 0
  },
  {
    "id": "54593a95-4b3e-4a42-8f4b-21e450c249ea",
    "data": [
      {
        "text": "who is the sheep",
        "userDefined": false
      }
    ],
    "isTemplate": false,
    "count": 0
  },
  {
    "id": "c426a9e5-bfef-4e7d-9c9e-16afcb3f02b5",
    "data": [
      {
        "text": "What is the name of the lamb on the roof?",
        "userDefined": false
      }
    ],
    "isTemplate": false,
    "count": 0
  },
  {
    "id": "58a1b91d-3c93-4570-bb79-606d4ee8e966",
    "data": [
      {
        "text": "What is the lamb\u0027s name?",
        "userDefined": false
      }
    ],
    "isTemplate": false,
    "count": 0
  },
  {
    "id": "c125bf29-9792-4995-a8da-9c52d59ce818",
    "data": [
      {
        "text": "What is the name of the lamb?",
        "userDefined": false
      }
    ],
    "isTemplate": false,
    "count": 0
  },
  {
    "id": "1b299a51-3b62-4eeb-a73f-85139cdadb07",
    "data": [
      {
        "text": "What is the name of the sheep on the roof?",
        "userDefined": false
      }
    ],
    "isTemplate": false,
    "count": 0,
    "updated": 1512171266
  },
  {
    "id": "92092492-cbc9-405e-a4a5-9036e84ab813",
    "data": [
      {
        "text": "what is the name of the sheep?",
        "userDefined": false
      }
    ],
    "isTemplate": false,
    "count": 0,
    "updated": 1512171266
  },
  {
    "id": "786019bf-9554-481b-92a0-f81df0e42b9b",
    "data": [
      {
        "text": "What is the sheep\u0027s name?",
        "userDefined": false
      }
    ],
    "isTemplate": false,
    "count": 0,
    "updated": 1512171266
  }
]