[
  {
    "id": "eff35c0b-c77e-4970-b8a7-4d1415f6f7d6",
    "data": [
      {
        "text": "what is the name of the goat on the roof?",
        "userDefined": false
      }
    ],
    "isTemplate": false,
    "count": 0,
    "updated": 1512171352
  },
  {
    "id": "9b8f5102-45d8-4821-aed2-046f991a8727",
    "data": [
      {
        "text": "what is the goat\u0027s name?",
        "userDefined": false
      }
    ],
    "isTemplate": false,
    "count": 0,
    "updated": 1512171352
  },
  {
    "id": "c3f78e88-6309-44a7-87b3-b107d315c85b",
    "data": [
      {
        "text": "What is the name of the goat?",
        "userDefined": false
      }
    ],
    "isTemplate": false,
    "count": 0,
    "updated": 1512171352
  }
]