[
  {
    "id": "4a7ed2c4-94e7-412e-b82b-943c7d4883d4",
    "data": [
      {
        "text": "who is the cow",
        "userDefined": false
      }
    ],
    "isTemplate": false,
    "count": 0,
    "updated": 0
  },
  {
    "id": "4d6ebc67-87d0-443d-8d07-0a9489fef5a7",
    "data": [
      {
        "text": "what is the name of the cow on the roof?",
        "userDefined": false
      }
    ],
    "isTemplate": false,
    "count": 0,
    "updated": 1512171391
  },
  {
    "id": "22320c87-3fff-4b18-9982-b26f78320d4c",
    "data": [
      {
        "text": "what is the name of the cow?",
        "userDefined": false
      }
    ],
    "isTemplate": false,
    "count": 0,
    "updated": 1512171391
  },
  {
    "id": "9d71679d-45e8-4b92-8176-489dfa45046a",
    "data": [
      {
        "text": "what is the cow\u0027s name?",
        "userDefined": false
      }
    ],
    "isTemplate": false,
    "count": 0,
    "updated": 1512171391
  }
]