[
  {
    "id": "456eb7ef-5111-4fdf-90eb-8b0aa1e09ec2",
    "data": [
      {
        "text": "Why aren\u0027t you open?",
        "userDefined": false
      }
    ],
    "isTemplate": false,
    "count": 0
  },
  {
    "id": "175fcdbf-7d66-4f10-9b46-428422dabe17",
    "data": [
      {
        "text": "When will the Farmstead open?",
        "userDefined": false
      }
    ],
    "isTemplate": false,
    "count": 0
  },
  {
    "id": "238e2bc1-b2c5-43cf-ac7b-7739e15c1ca2",
    "data": [
      {
        "text": "When does the Farmstead open?",
        "userDefined": false
      }
    ],
    "isTemplate": false,
    "count": 0,
    "updated": 1512167372
  }
]