[
  {
    "id": "032aea0a-4028-460d-b8fe-05f3b6907bd0",
    "data": [
      {
        "text": "colors",
        "userDefined": false
      }
    ],
    "isTemplate": false,
    "count": 0,
    "updated": 1512514189
  },
  {
    "id": "770ea2ad-48be-47ef-9b81-79f30ab3e99c",
    "data": [
      {
        "text": "what colors can I use?",
        "userDefined": false
      }
    ],
    "isTemplate": false,
    "count": 0,
    "updated": 1512514189
  },
  {
    "id": "2c3d5617-9efc-4cab-a159-c6593f7cc412",
    "data": [
      {
        "text": "What colors do you know?",
        "userDefined": false
      }
    ],
    "isTemplate": false,
    "count": 0,
    "updated": 1512514189
  }
]