[
  {
    "id": "b7d1f625-cc6b-4c36-908f-ca21e10ceb28",
    "data": [
      {
        "text": "Do you like the cold?",
        "userDefined": false
      }
    ],
    "isTemplate": false,
    "count": 0
  },
  {
    "id": "370ab0f3-6926-4d9e-82e6-22d97a79d20a",
    "data": [
      {
        "text": "How are you feeling?",
        "userDefined": false
      }
    ],
    "isTemplate": false,
    "count": 0
  },
  {
    "id": "e32c8c79-9ac6-4efa-a5cc-59ea6aaffb27",
    "data": [
      {
        "text": "How are you?",
        "userDefined": false
      }
    ],
    "isTemplate": false,
    "count": 0
  },
  {
    "id": "e9beca29-0d83-4906-ac44-2e7753494f14",
    "data": [
      {
        "text": "Are you cold?",
        "userDefined": false
      }
    ],
    "isTemplate": false,
    "count": 0,
    "updated": 0
  }
]