[
  {
    "id": "d98d1d32-f9dc-4c26-95fa-30b1e5ea5250",
    "data": [
      {
        "text": "get cow sound",
        "userDefined": false
      }
    ],
    "isTemplate": false,
    "count": 0
  },
  {
    "id": "a475879b-df52-4565-815f-859f3737b34b",
    "data": [
      {
        "text": "what does a cow say?",
        "userDefined": false
      }
    ],
    "isTemplate": false,
    "count": 0
  },
  {
    "id": "bf8e6247-bc2a-45b5-a612-7aa250952128",
    "data": [
      {
        "text": "what sound does a cow make?",
        "userDefined": false
      }
    ],
    "isTemplate": false,
    "count": 0,
    "updated": 1512756951
  }
]