[
  {
    "id": "a19aa36d-8d11-4e91-90c2-393090a67015",
    "data": [
      {
        "text": "noel",
        "alias": "given-name",
        "meta": "@sys.given-name",
        "userDefined": false
      },
      {
        "text": " ",
        "userDefined": false
      }
    ],
    "isTemplate": false,
    "count": 0,
    "updated": 0
  },
  {
    "id": "52fa5e58-34ed-4e4b-8073-741eabe458d2",
    "data": [
      {
        "text": "merry Christmas",
        "userDefined": false
      }
    ],
    "isTemplate": false,
    "count": 0,
    "updated": 1512523015
  }
]