[
  {
    "id": "c035ffc7-e8c8-4358-b08e-43c352b9a156",
    "data": [
      {
        "text": "that tree is blocking the view",
        "userDefined": false
      }
    ],
    "isTemplate": false,
    "count": 0
  },
  {
    "id": "c146da80-57e7-4d06-bbcf-0f19df99ffe6",
    "data": [
      {
        "text": "that tree is blocking my view",
        "userDefined": false
      }
    ],
    "isTemplate": false,
    "count": 0
  },
  {
    "id": "f5ac422c-7687-4697-b259-53cbb31dc8ef",
    "data": [
      {
        "text": "That car is in the way?",
        "userDefined": false
      }
    ],
    "isTemplate": false,
    "count": 0
  },
  {
    "id": "98be0ba8-ff8f-4c15-90aa-8735680940d8",
    "data": [
      {
        "text": "Can you move that car?",
        "userDefined": false
      }
    ],
    "isTemplate": false,
    "count": 0
  },
  {
    "id": "ce6ad115-9977-4137-8f2f-81069ee1974e",
    "data": [
      {
        "text": "The tree is in the way",
        "userDefined": false
      }
    ],
    "isTemplate": false,
    "count": 0
  },
  {
    "id": "db433ebc-b88d-4160-a625-b4306152c2fd",
    "data": [
      {
        "text": "Can you move that tree?",
        "userDefined": false
      }
    ],
    "isTemplate": false,
    "count": 0,
    "updated": 0
  }
]