[
  {
    "id": "04f82e00-7c93-4817-973f-6ee579941fdb",
    "data": [
      {
        "text": "play Charlie Brown",
        "userDefined": false
      }
    ],
    "isTemplate": false,
    "count": 0
  },
  {
    "id": "a0a0b3c0-7c77-4862-95a3-27db562ddfed",
    "data": [
      {
        "text": "charlie brown",
        "userDefined": false
      }
    ],
    "isTemplate": false,
    "count": 0,
    "updated": 1512659201
  },
  {
    "id": "028e3a8d-b5e1-4514-9034-5eec076306af",
    "data": [
      {
        "text": "Charlie Brown again",
        "userDefined": false
      }
    ],
    "isTemplate": false,
    "count": 0,
    "updated": 1512659201
  }
]