[
  {
    "id": "8d0109d6-bb26-4442-b164-7f7ff85df007",
    "data": [
      {
        "text": "The show is not running.",
        "userDefined": false
      }
    ],
    "isTemplate": false,
    "count": 0
  },
  {
    "id": "95339b62-9f74-417a-b9e5-ae6253b49aea",
    "data": [
      {
        "text": "The show is not working",
        "userDefined": false
      }
    ],
    "isTemplate": false,
    "count": 0
  },
  {
    "id": "fcb8e0cf-bc04-4bdc-8128-e54cd2d58716",
    "data": [
      {
        "text": "The show is broken",
        "userDefined": false
      }
    ],
    "isTemplate": false,
    "count": 0
  },
  {
    "id": "b2863fb5-bdd7-43bd-bd51-93d6f860b733",
    "data": [
      {
        "text": "How do I report an issue?",
        "userDefined": false
      }
    ],
    "isTemplate": false,
    "count": 0
  },
  {
    "id": "ad6c3984-194f-4e86-8a85-696179a4823f",
    "data": [
      {
        "text": "How do I report a concern?",
        "userDefined": false
      }
    ],
    "isTemplate": false,
    "count": 0
  },
  {
    "id": "fed418fd-48c1-404c-a55a-7a7d39a2336f",
    "data": [
      {
        "text": "How do I report a problem?",
        "userDefined": false
      }
    ],
    "isTemplate": false,
    "count": 0
  },
  {
    "id": "f937d28c-e452-4a3f-bede-694dd2f42d89",
    "data": [
      {
        "text": "problem",
        "userDefined": false
      }
    ],
    "isTemplate": false,
    "count": 0
  },
  {
    "id": "1a9ca449-daff-4b57-8f77-850e2e358d36",
    "data": [
      {
        "text": "the warp core is going to blow",
        "userDefined": false
      }
    ],
    "isTemplate": false,
    "count": 0,
    "updated": 0
  },
  {
    "id": "ba5ea6fd-8fe4-409e-a658-b5dd2dbc2ed9",
    "data": [
      {
        "text": "danger will Robinson",
        "userDefined": false
      }
    ],
    "isTemplate": false,
    "count": 0
  },
  {
    "id": "5829307e-6005-4991-9165-ef65269084a1",
    "data": [
      {
        "text": "There is a problem",
        "userDefined": false
      }
    ],
    "isTemplate": false,
    "count": 0
  },
  {
    "id": "88a65729-351d-4c16-a26e-a598ecb5af1f",
    "data": [
      {
        "text": "not working",
        "userDefined": false
      }
    ],
    "isTemplate": false,
    "count": 0
  },
  {
    "id": "b49c5055-706e-4ebb-938c-574bbf29b9a4",
    "data": [
      {
        "text": "broken",
        "userDefined": false
      }
    ],
    "isTemplate": false,
    "count": 0
  },
  {
    "id": "90c86df4-6501-493e-b359-c9f22acf2f92",
    "data": [
      {
        "text": "Empty response",
        "userDefined": false
      }
    ],
    "isTemplate": false,
    "count": 0
  },
  {
    "id": "72ce979d-a0d6-4d1b-9882-c9e5fa2ba9dc",
    "data": [
      {
        "text": "I got \"empty response\"",
        "userDefined": false
      }
    ],
    "isTemplate": false,
    "count": 0
  },
  {
    "id": "a1954afc-0a96-43c9-9de1-ff7f1aa1dbdf",
    "data": [
      {
        "text": "This does not work.",
        "userDefined": false
      }
    ],
    "isTemplate": false,
    "count": 0
  },
  {
    "id": "88b0cf4f-1df1-46ed-bb34-ee715edf9cf8",
    "data": [
      {
        "text": "What does \"empty response\"  mean?",
        "userDefined": false
      }
    ],
    "isTemplate": false,
    "count": 0
  },
  {
    "id": "a45e1853-deeb-4a4a-80c8-65cc21ee8baf",
    "data": [
      {
        "text": "The show is broken.",
        "userDefined": false
      }
    ],
    "isTemplate": false,
    "count": 0,
    "updated": 1512783860
  }
]