[
  {
    "id": "5da6b99c-2f06-4d61-82a6-d3caf4fe4f82",
    "data": [
      {
        "text": "make",
        "userDefined": false
      }
    ],
    "isTemplate": false,
    "count": 0,
    "updated": 0
  },
  {
    "id": "18ff3f49-8576-4808-b8d1-20c644d6b049",
    "data": [
      {
        "text": "@sys.number-integer:elementNumber",
        "userDefined": false
      }
    ],
    "isTemplate": true,
    "count": 0
  },
  {
    "id": "37417208-85fc-460b-8472-db50a33dcbf7",
    "data": [
      {
        "text": "make tree @sys.number-integer:elementNumber go @color:colorName",
        "userDefined": false
      }
    ],
    "isTemplate": true,
    "count": 1
  },
  {
    "id": "f6ed63f6-9d61-41d7-8366-e24f83383779",
    "data": [
      {
        "text": "set tree @sys.number-integer:elementNumber to color @color:colorName",
        "userDefined": false
      }
    ],
    "isTemplate": true,
    "count": 0,
    "updated": 0
  },
  {
    "id": "0fec7ab9-c619-4291-8d4c-b8a6b5a426c5",
    "data": [
      {
        "text": "color tree @sys.number-integer:elementNumber @color:colorName",
        "userDefined": false
      }
    ],
    "isTemplate": true,
    "count": 0,
    "updated": 0
  },
  {
    "id": "1473623f-7567-4fe0-b3fd-e5ee92d18fdc",
    "data": [
      {
        "text": "tree",
        "userDefined": false
      }
    ],
    "isTemplate": false,
    "count": 0
  },
  {
    "id": "68bca255-c72b-4e7f-a017-eb49caf4fb0b",
    "data": [
      {
        "text": "make tree @sys.number-integer:elementNumber  @color:colorName",
        "userDefined": false
      }
    ],
    "isTemplate": true,
    "count": 0,
    "updated": 0
  },
  {
    "id": "2ce84f3d-9bb1-4375-a031-180fe820501a",
    "data": [
      {
        "text": "change color of tree @sys.number-integer:elementNumber  to @color:colorName",
        "userDefined": false
      }
    ],
    "isTemplate": true,
    "count": 0,
    "updated": 0
  }
]