[
  {
    "id": "369a3c8e-445a-4ed2-bb9d-a3873a973a09",
    "data": [
      {
        "text": "make tree @sys.number-integer:elementNumber go @color:colorName",
        "userDefined": false
      }
    ],
    "isTemplate": true,
    "count": 1
  },
  {
    "id": "b4fcf1a4-6c51-4925-9e9f-42a900236190",
    "data": [
      {
        "text": "set tree @sys.number-integer:elementNumber to color @color:colorName",
        "userDefined": false
      }
    ],
    "isTemplate": true,
    "count": 0,
    "updated": 0
  },
  {
    "id": "dedcfae2-eec7-4b5a-865b-78f39ec082ee",
    "data": [
      {
        "text": "color tree @sys.number-integer:elementNumber @color:colorName",
        "userDefined": false
      }
    ],
    "isTemplate": true,
    "count": 0,
    "updated": 0
  },
  {
    "id": "75c9ec8f-8144-43c4-a0b8-6873cf00b531",
    "data": [
      {
        "text": "tree",
        "userDefined": false
      }
    ],
    "isTemplate": true,
    "count": 0
  },
  {
    "id": "5fc745c1-0a55-4482-8714-479d51380135",
    "data": [
      {
        "text": "make tree @sys.number-integer:elementNumber  @color:colorName",
        "userDefined": false
      }
    ],
    "isTemplate": true,
    "count": 0,
    "updated": 0
  },
  {
    "id": "7a9962c4-2025-46c8-b47e-c15ebab5b03f",
    "data": [
      {
        "text": "change color of tree @sys.number-integer:elementNumber  to @color:colorName",
        "userDefined": false
      }
    ],
    "isTemplate": true,
    "count": 0,
    "updated": 0
  }
]