[
  {
    "id": "0276fc47-950b-471d-af37-fde25492ba4e",
    "data": [
      {
        "text": "make",
        "userDefined": false
      }
    ],
    "isTemplate": false,
    "count": 0,
    "updated": 0
  },
  {
    "id": "0a11e99a-1784-4664-99a9-e065e52fa6b5",
    "data": [
      {
        "text": "@sys.number-integer:elementNumber",
        "userDefined": false
      }
    ],
    "isTemplate": true,
    "count": 0
  },
  {
    "id": "164d6354-7dbf-453c-b987-d7ebe7a881df",
    "data": [
      {
        "text": "make tree @sys.number-integer:elementNumber go @color:colorName",
        "userDefined": false
      }
    ],
    "isTemplate": true,
    "count": 1
  },
  {
    "id": "b27e18f4-33bc-4607-9dd6-c4a71588f0e0",
    "data": [
      {
        "text": "set tree @sys.number-integer:elementNumber to color @color:colorName",
        "userDefined": false
      }
    ],
    "isTemplate": true,
    "count": 0,
    "updated": 0
  },
  {
    "id": "76d5740c-99d0-4e3f-9034-6427206a296e",
    "data": [
      {
        "text": "color tree @sys.number-integer:elementNumber @color:colorName",
        "userDefined": false
      }
    ],
    "isTemplate": true,
    "count": 0,
    "updated": 0
  },
  {
    "id": "40932a7e-79d0-4b7a-9e45-443b358bc73a",
    "data": [
      {
        "text": "tree",
        "userDefined": false
      }
    ],
    "isTemplate": false,
    "count": 0
  },
  {
    "id": "50a40b64-d2cd-44de-95a8-a9eb0e2fe4bb",
    "data": [
      {
        "text": "make tree @sys.number-integer:elementNumber  @color:colorName",
        "userDefined": false
      }
    ],
    "isTemplate": true,
    "count": 0,
    "updated": 0
  },
  {
    "id": "3c9769d3-ae8d-487f-897e-acaaeef73a36",
    "data": [
      {
        "text": "change color of tree @sys.number-integer:elementNumber  to @color:colorName",
        "userDefined": false
      }
    ],
    "isTemplate": true,
    "count": 0,
    "updated": 0
  }
]