[
  {
    "id": "39f21b3f-8841-4808-8cf0-545fcb461c66",
    "data": [
      {
        "text": "change tree colors to @color:colorNames",
        "userDefined": false
      }
    ],
    "isTemplate": true,
    "count": 0
  },
  {
    "id": "d5e70f33-7a0d-47f9-8169-a62aef63c707",
    "data": [
      {
        "text": "change color to @color:colorNames",
        "userDefined": false
      }
    ],
    "isTemplate": true,
    "count": 0
  },
  {
    "id": "f19f6715-9c2a-4cee-a59a-4a09b4689a3a",
    "data": [
      {
        "text": "turn trees @color:colorNames",
        "userDefined": false
      }
    ],
    "isTemplate": true,
    "count": 1
  },
  {
    "id": "55d32f1e-d314-4f45-b5e0-1f2c733215b0",
    "data": [
      {
        "text": "turn all trees @color:colorNames",
        "userDefined": false
      }
    ],
    "isTemplate": true,
    "count": 0
  },
  {
    "id": "e7d65b69-45a0-4ef5-942c-6872b7afe320",
    "data": [
      {
        "text": "turn the trees @color:colorNames",
        "userDefined": false
      }
    ],
    "isTemplate": true,
    "count": 0
  },
  {
    "id": "886ecc4c-9e75-46c3-93a2-daac299c01c0",
    "data": [
      {
        "text": "change all trees to @color:colorNames",
        "userDefined": false
      }
    ],
    "isTemplate": true,
    "count": 0
  },
  {
    "id": "eae15599-6286-487d-b579-177d9c870e56",
    "data": [
      {
        "text": "change trees to @color:colorNames",
        "userDefined": false
      }
    ],
    "isTemplate": true,
    "count": 0
  },
  {
    "id": "2506a4ef-f737-40a0-98f3-f251b4d6ab18",
    "data": [
      {
        "text": "make all @color:colorNames",
        "userDefined": false
      }
    ],
    "isTemplate": true,
    "count": 0
  },
  {
    "id": "e717d620-ff67-420e-ace6-754133bb1514",
    "data": [
      {
        "text": "set all @color:colorNames",
        "userDefined": false
      }
    ],
    "isTemplate": true,
    "count": 0
  },
  {
    "id": "3c950595-9549-4ccd-b3e6-b954f5f56c9b",
    "data": [
      {
        "text": "set all trees @color:colorNames",
        "userDefined": false
      }
    ],
    "isTemplate": true,
    "count": 2
  },
  {
    "id": "8b1a215d-d748-41df-a44d-b688bfec1db7",
    "data": [
      {
        "text": "go @color:colorNames",
        "userDefined": false
      }
    ],
    "isTemplate": true,
    "count": 0
  },
  {
    "id": "9e3423bf-c1b7-4e1d-bfd0-cb9cf5873833",
    "data": [
      {
        "text": "make all trees @color:colorNames",
        "userDefined": false
      }
    ],
    "isTemplate": true,
    "count": 0
  },
  {
    "id": "61b88456-3680-4f82-9fa5-1d8bbbc75855",
    "data": [
      {
        "text": "make trees @color:colorNames",
        "userDefined": false
      }
    ],
    "isTemplate": true,
    "count": 1
  },
  {
    "id": "7e7c5d24-32ce-4106-9f25-c31e7a96d336",
    "data": [
      {
        "text": "set tree colors @color:colorNames",
        "userDefined": false
      }
    ],
    "isTemplate": true,
    "count": 0,
    "updated": 0
  }
]