[
  {
    "id": "139bea60-04e0-4cb4-8d4c-ad793411cf05",
    "data": [
      {
        "text": "change tree colors to @color:colorNames",
        "userDefined": false
      }
    ],
    "isTemplate": true,
    "count": 0
  },
  {
    "id": "e2d61013-0002-4d10-999a-45dcb7b7700d",
    "data": [
      {
        "text": "change color to @color:colorNames",
        "userDefined": false
      }
    ],
    "isTemplate": true,
    "count": 0
  },
  {
    "id": "e09e00da-cac1-437c-b77f-dcce3099ee90",
    "data": [
      {
        "text": "turn trees @color:colorNames",
        "userDefined": false
      }
    ],
    "isTemplate": true,
    "count": 1
  },
  {
    "id": "0ade29ed-406a-45fc-b6d3-1cb2c38f9270",
    "data": [
      {
        "text": "turn all trees @color:colorNames",
        "userDefined": false
      }
    ],
    "isTemplate": true,
    "count": 0
  },
  {
    "id": "2ad6e03f-e9f5-41df-a932-7c2aa879a3cf",
    "data": [
      {
        "text": "turn the trees @color:colorNames",
        "userDefined": false
      }
    ],
    "isTemplate": true,
    "count": 0
  },
  {
    "id": "265819f4-288d-4b6e-abfd-bf1fdc7f32c5",
    "data": [
      {
        "text": "change all trees to @color:colorNames",
        "userDefined": false
      }
    ],
    "isTemplate": true,
    "count": 0
  },
  {
    "id": "3d85a483-71c1-432d-abd8-5c3f8b26e082",
    "data": [
      {
        "text": "change trees to @color:colorNames",
        "userDefined": false
      }
    ],
    "isTemplate": true,
    "count": 0
  },
  {
    "id": "0969b54f-a1df-4d29-9b3b-8181b6989d1a",
    "data": [
      {
        "text": "make all @color:colorNames",
        "userDefined": false
      }
    ],
    "isTemplate": true,
    "count": 0
  },
  {
    "id": "59e056e6-299d-44b8-905a-4a76a67c6143",
    "data": [
      {
        "text": "set all @color:colorNames",
        "userDefined": false
      }
    ],
    "isTemplate": true,
    "count": 0
  },
  {
    "id": "ef22f2a4-b0dd-4b0e-aa15-4f146eb38c99",
    "data": [
      {
        "text": "set all trees @color:colorNames",
        "userDefined": false
      }
    ],
    "isTemplate": true,
    "count": 2
  },
  {
    "id": "bcbb073d-c8e8-4ee5-9353-2878016ebaaf",
    "data": [
      {
        "text": "go @color:colorNames",
        "userDefined": false
      }
    ],
    "isTemplate": true,
    "count": 0
  },
  {
    "id": "f9b7fbc2-82ae-41f2-b0da-404de852c1c9",
    "data": [
      {
        "text": "make all trees @color:colorNames",
        "userDefined": false
      }
    ],
    "isTemplate": true,
    "count": 0
  },
  {
    "id": "70b4b13a-a057-437e-9346-d6f913d1ab9c",
    "data": [
      {
        "text": "make trees @color:colorNames",
        "userDefined": false
      }
    ],
    "isTemplate": true,
    "count": 1
  },
  {
    "id": "9a124bb6-728a-4655-aab3-cd3e592d1a12",
    "data": [
      {
        "text": "set tree colors @color:colorNames",
        "userDefined": false
      }
    ],
    "isTemplate": true,
    "count": 0,
    "updated": 0
  }
]