[
  {
    "id": "2d1cc7bf-6437-4484-81c9-8eae5cc9050a",
    "data": [
      {
        "text": "change tree colors to @color:colorNames",
        "userDefined": false
      }
    ],
    "isTemplate": true,
    "count": 0
  },
  {
    "id": "44913b3e-97d6-404f-b808-72c89b3d874d",
    "data": [
      {
        "text": "change color to @color:colorNames",
        "userDefined": false
      }
    ],
    "isTemplate": true,
    "count": 0
  },
  {
    "id": "a957a194-bf74-4d04-b3bf-0502e593bd48",
    "data": [
      {
        "text": "turn trees @color:colorNames",
        "userDefined": false
      }
    ],
    "isTemplate": true,
    "count": 1
  },
  {
    "id": "e61043b0-4241-4acd-9628-d1a9a7bee4d9",
    "data": [
      {
        "text": "turn all trees @color:colorNames",
        "userDefined": false
      }
    ],
    "isTemplate": true,
    "count": 0
  },
  {
    "id": "ce8881c9-7c3b-4331-a20f-ba074d8ac33f",
    "data": [
      {
        "text": "turn the trees @color:colorNames",
        "userDefined": false
      }
    ],
    "isTemplate": true,
    "count": 0
  },
  {
    "id": "29de6389-2be9-4841-9ce6-d30c9e99935b",
    "data": [
      {
        "text": "change all trees to @color:colorNames",
        "userDefined": false
      }
    ],
    "isTemplate": true,
    "count": 0
  },
  {
    "id": "2133f0dc-93e2-4019-9968-24b20c4be6c0",
    "data": [
      {
        "text": "change trees to @color:colorNames",
        "userDefined": false
      }
    ],
    "isTemplate": true,
    "count": 0
  },
  {
    "id": "8a4da96a-7649-43bf-a50f-c1d8eea018d5",
    "data": [
      {
        "text": "make all @color:colorNames",
        "userDefined": false
      }
    ],
    "isTemplate": true,
    "count": 0
  },
  {
    "id": "b3cadb82-c999-4895-94eb-4f54ef424a0a",
    "data": [
      {
        "text": "set all @color:colorNames",
        "userDefined": false
      }
    ],
    "isTemplate": true,
    "count": 0
  },
  {
    "id": "bdecf9e1-dcbf-402a-a76c-358bbb205cca",
    "data": [
      {
        "text": "set all trees @color:colorNames",
        "userDefined": false
      }
    ],
    "isTemplate": true,
    "count": 2
  },
  {
    "id": "95977b90-4710-42fb-ae24-a6f0fc67b19b",
    "data": [
      {
        "text": "go @color:colorNames",
        "userDefined": false
      }
    ],
    "isTemplate": true,
    "count": 0
  },
  {
    "id": "b90d94da-0c53-4e8a-b4cb-9da60bcc7c0e",
    "data": [
      {
        "text": "make all trees @color:colorNames",
        "userDefined": false
      }
    ],
    "isTemplate": true,
    "count": 0
  },
  {
    "id": "b66bb043-7efb-4418-a4f0-fcac08972384",
    "data": [
      {
        "text": "make trees @color:colorNames",
        "userDefined": false
      }
    ],
    "isTemplate": true,
    "count": 1
  },
  {
    "id": "192e4994-16f1-481f-a26d-f8512737b9e7",
    "data": [
      {
        "text": "set tree colors @color:colorNames",
        "userDefined": false
      }
    ],
    "isTemplate": true,
    "count": 0,
    "updated": 0
  }
]