[
  {
    "id": "0515a606-98b8-4c66-a7db-eab3b0795ca6",
    "data": [
      {
        "text": "play felize navidad",
        "userDefined": false
      }
    ],
    "isTemplate": false,
    "count": 0,
    "updated": 0
  },
  {
    "id": "66ff2a0e-30d5-453b-adb0-f0a80f06e96b",
    "data": [
      {
        "text": "play felize navidad",
        "userDefined": false
      }
    ],
    "isTemplate": false,
    "count": 0,
    "updated": 0
  },
  {
    "id": "0abe0e59-8d57-4e7d-ab8e-c161084737fb",
    "data": [
      {
        "text": "play felize navidad",
        "userDefined": false
      }
    ],
    "isTemplate": false,
    "count": 0,
    "updated": 0
  }
]