[
  {
    "id": "3bed94f5-655b-4e63-81fc-86ba94bb2a38",
    "data": [
      {
        "text": "play Charlie Brown again",
        "userDefined": false
      }
    ],
    "isTemplate": false,
    "count": 0
  },
  {
    "id": "93ec223b-da75-4462-8740-f62456e7d6de",
    "data": [
      {
        "text": "Charlie",
        "meta": "@sys.ignore",
        "userDefined": false
      },
      {
        "text": " Brown",
        "userDefined": false
      }
    ],
    "isTemplate": false,
    "count": 0
  },
  {
    "id": "76afd815-4277-4d21-aed5-e1970b966652",
    "data": [
      {
        "text": "play Charlie Brown",
        "userDefined": false
      }
    ],
    "isTemplate": false,
    "count": 0
  },
  {
    "id": "359fbe9a-144b-466d-ac10-200f5ab595b0",
    "data": [
      {
        "text": "Please play @sys.any:song next",
        "userDefined": false
      }
    ],
    "isTemplate": true,
    "count": 0
  },
  {
    "id": "19a30f79-24f6-4c25-b624-16e103eb9746",
    "data": [
      {
        "text": "Please play @sys.any:song",
        "userDefined": false
      }
    ],
    "isTemplate": true,
    "count": 0
  },
  {
    "id": "5f9a47fd-994a-41e6-b7c6-56ff6d89a53b",
    "data": [
      {
        "text": "play @sys.any:song",
        "userDefined": false
      }
    ],
    "isTemplate": true,
    "count": 0
  },
  {
    "id": "07f58312-a192-4b0e-94d7-5725adfbf331",
    "data": [
      {
        "text": "play felize navidad",
        "userDefined": false
      }
    ],
    "isTemplate": false,
    "count": 0,
    "updated": 0
  }
]