[
  {
    "id": "d5a143d4-9438-4fda-97b4-28e03d40fccc",
    "data": [
      {
        "text": "Tell me about ",
        "userDefined": false
      },
      {
        "text": "Deanna",
        "meta": "@sys.ignore",
        "userDefined": false
      },
      {
        "text": " ",
        "userDefined": false
      },
      {
        "text": "Rose",
        "meta": "@sys.ignore",
        "userDefined": false
      },
      {
        "text": ".",
        "userDefined": false
      }
    ],
    "isTemplate": false,
    "count": 0,
    "updated": 1512169901
  },
  {
    "id": "960689d3-0971-493b-a6b1-530330ab8736",
    "data": [
      {
        "text": "Who was ",
        "userDefined": false
      },
      {
        "text": "Deanna",
        "meta": "@sys.ignore",
        "userDefined": false
      },
      {
        "text": " ",
        "userDefined": false
      },
      {
        "text": "Rose",
        "meta": "@sys.ignore",
        "userDefined": false
      },
      {
        "text": "?",
        "userDefined": false
      }
    ],
    "isTemplate": false,
    "count": 0,
    "updated": 1512169901
  },
  {
    "id": "ac1279f9-6741-439f-8992-d44a56b59be5",
    "data": [
      {
        "text": "Who is ",
        "userDefined": false
      },
      {
        "text": "Deanna",
        "meta": "@sys.ignore",
        "userDefined": false
      },
      {
        "text": " ",
        "userDefined": false
      },
      {
        "text": "Rose",
        "meta": "@sys.ignore",
        "userDefined": false
      },
      {
        "text": "?",
        "userDefined": false
      }
    ],
    "isTemplate": false,
    "count": 0,
    "updated": 1512169901
  }
]