[
  {
    "id": "b9a344cd-ac97-46de-85c8-fa2d5c58dedc",
    "data": [
      {
        "text": "who was Ben Craig?",
        "userDefined": false
      }
    ],
    "isTemplate": false,
    "count": 0,
    "updated": 1512172238
  },
  {
    "id": "559c0197-76ef-4249-b219-809a64e3bc70",
    "data": [
      {
        "text": "who is ",
        "userDefined": false
      },
      {
        "text": "Ben",
        "meta": "@sys.ignore",
        "userDefined": false
      },
      {
        "text": " ",
        "userDefined": false
      },
      {
        "text": "Craig",
        "meta": "@sys.ignore",
        "userDefined": false
      },
      {
        "text": "?",
        "userDefined": false
      }
    ],
    "isTemplate": false,
    "count": 0,
    "updated": 1512172238
  }
]